"t_state","t_county","tot_cap","avg_p_cap","avg_hh","avg_rd","ordinance","t_manu","turbines","t_model","t_rsa","t_ttlh","fraction_of_usable_area","capacity","wind_speed","capacity_factor","area_2010"
"AZ","Cochise",30,30,80,110,0,"Vestas",15,"V110-2.0",9503.32,135,0.912740909090909,14.8181818181818,6.15590909090909,0.296863636363636,6165.69
"AZ","Coconino",97.6,99.2,80,82.5,0,"GE Wind",61,"GE1.6-82.5",5345.62,121.3,0.884857722513089,14.6282722513089,6.82456806282723,0.318717277486911,18618.89
"AZ","Mohave",357.3,336.538461538462,87.8846153846154,124.730769230769,0,"GE Wind",130,"GE2.82-127",12263.6630769231,150.173076923077,0.746433783783784,12.5990990990991,6.56058558558559,0.318907657657658,13311.08
"AZ","Navajo",128.1,64.0672131147541,79,88,1,"Suzlon",61,"S88",6082.12,123.1,0.866864814814815,14.462962962963,6.57691358024691,0.30408950617284,9950.42
"CA","Alameda",210.16,58.507868852459,76.8032786885246,92.0491803278689,0,"GE Wind",122,"GE1.7-100",7234.88090163934,122.9,0.830486666666667,13.8222222222222,6.67555555555556,0.353333333333333,739.02
"CA","Contra Costa",113.9,56.6845070422535,66.6197183098592,79.8056338028169,1,"Mitsubishi",71,"MWT62/1.0",5308.53535211268,106.469014084507,0.683024324324324,11.6756756756757,6.8427027027027,0.393756756756757,715.94
"CA","Imperial",264.18,193.832142857143,80,108,0,"Siemens",112,"SWT-2.37-108",9160.88,134.1,0.682036263736264,11.6483516483516,7.39857142857143,0.37610989010989,4176.6
"CA","Kern",2946.7,136.251941272431,78.3572593800979,93.1692495921697,1,"Vestas",1226,"V90-3.0",6986.41576672104,124.976590538336,0.714392113564669,12.2018927444795,7.57384858044164,0.379276025236593,8131.92
"CA","Los Angeles",1.85,1.85,80,82.5,0,"GE Wind",1,"GE1.85-82.5",5345.62,121.3,0.733839772727273,12.4659090909091,6.44579545454545,0.338721590909091,4057.88
"CA","Monterey",14.59,2.89,82.5714285714286,100.214285714286,1,"GE Wind",7,"GE1.85-82.5",8154.31428571429,132.728571428571,0.7828,13.4285714285714,4.56,0.194571428571429,3280.6
"CA","Riverside",451.9,43.1386979166667,63.5520833333333,61.6252604166667,1,"Vestas",384,"V47-0.66",3286.21140625,94.3669270833333,0.658805627705628,11.2813852813853,6.98060606060606,0.358701298701299,7206.48
"CA","San Bernardino",7.2,2.68,75,76.08,1,"GE Wind",5,"GE1.6-82.5",4593.084,113.08,0.811006516492357,13.5172968624296,6.40855993563958,0.325847948511665,20056.94
"CA","San Diego",182.95,105.115060240964,76.0843373493976,100.680722891566,1,"GE Wind",83,"GE2.3-107",8030.21397590361,126.455421686747,0.683325531914894,11.6382978723404,6.81691489361702,0.333840425531915,4206.63
"CA","San Joaquin",3.5,1.83333333333333,63.3333333333333,66.6,0,"Mitsubishi",3,"MWT62/1.0",3526.15666666667,96.5666666666667,0.9688625,15.625,5.315,0.265875,1391.32
"CA","Shasta",101.2,101.2,80,93,0,"Siemens",44,"SWT-2.3-93",6792.91,126.5,0.867958620689655,14.551724137931,6.66310344827586,0.323551724137931,3775.4
"CA","Solano",1025.33,120.473276836158,73.6167608286252,84.8613935969868,1,"Vestas",531,"MM92",5741.8086440678,116.041619585687,0.929973611111111,15.0555555555556,7.07263888888889,0.433430555555556,821.77
"CA","Tehama",1.5,1.5,65,77,1,"GE Wind",1,"GE1.5-77",4656.63,103.6,0.970975,15.625,5.691875,0.296,2949.71
"CA","Yolo",1.5,1.5,80,77,1,"GE Wind",1,"GE1.5-77",4656.63,118.6,0.858728571428571,14,5.57257142857143,0.277171428571429,1014.69
"CO","Baca",1.5,3,80,70.5,0,"GE Wind",1,"GE1.5-70.5",3903.63,115.2,0.941294827586207,15.2689655172414,8.32555172413793,0.448462068965517,2554.97
"CO","Bent",75,75,80,77,0,"GE Wind",50,"GE1.5-77",4656.63,118.6,0.976709210526316,15.7631578947368,7.58328947368421,0.394657894736842,1512.86
"CO","Cheyenne",370.8,465.314285714286,80.7440476190476,118.75,1,"Vestas",168,"V120-2.2",11093.6529761905,140.042261904762,1,16,8.0525,0.420708333333333,1778.28
"CO","El Paso",246.5,249.2,80,103,1,"GE Wind",145,"GE1.7-103",8332.29,131.4,0.727304424778761,12.353982300885,7.23194690265487,0.322097345132743,2126.8
"CO","Elbert",471,362.372839506173,80,106.41975308642,1,"Vestas",243,"V110-2.0",8934.1487654321,133.218518518519,0.985470731707317,15.8536585365854,7.44146341463415,0.349487804878049,1850.85
"CO","Huerfano",111.79,47.9424137931034,81.5862068965517,104.48275862069,0,"Vestas",58,"GE1.79-100",8671.87706896552,133.862068965517,0.91780780141844,15.0354609929078,7.7159219858156,0.365996453900709,1591
"CO","Jefferson",5.8,7.1,83.3333333333333,91.6666666666667,1,"GE Wind",3,"GE1.5-77",6686.09666666667,129.166666666667,0.740053571428571,12.6607142857143,6.3875,0.261035714285714,764.21
"CO","Kit Carson",811.86,262.040674157303,83.8820224719101,113.410112359551,0,"GE Wind",356,"GE2.82-127",10342.3000561798,140.582865168539,0.990434210526316,15.8684210526316,7.85842105263158,0.403776315789474,2160.82
"CO","Las Animas",45.27,60.2252173913043,80,108.695652173913,0,"GE Wind",23,"GE1.79-100",9356.48,134.360869565217,0.861740720720721,14.4324324324324,7.88877477477477,0.387461261261261,4772.67
"CO","Lincoln",893.8,213.804222648752,81.1324376199616,96.1516314779271,1,"GE Wind",521,"GE1.6-87",7307.55796545106,129.204222648752,0.938925274725275,15.2747252747253,7.29582417582418,0.353142857142857,2577.63
"CO","Logan",1033.65,204.282534246575,81.0804794520548,92.2405821917808,0,"GE Wind",584,"GE1.5-77",6949.4190239726,127.292294520548,0.954370476190476,15.3142857142857,7.51219047619048,0.368266666666667,1838.55
"CO","Prowers",241.8,134,80,95.1276595744681,0,"GE Wind",141,"GE1.6-91",7228.06723404255,127.6,0.963248039215686,15.5098039215686,7.93627450980392,0.423098039215686,1638.4
"CO","Pueblo",1.8,1.8,80,100,0,"Vestas",1,"V100-1.8",7853.98,130.1,0.885712903225806,14.5806451612903,5.81548387096774,0.255677419354839,2386.1
"CO","Weld",865.52,254.105419847328,77.9427480916031,83.0713740458015,0,"Mitsubishi",524,"MWT62/1.0",5891.81450381679,119.488740458015,0.98104966442953,15.7315436241611,7.32677852348993,0.34744966442953,3987.24
"CT","Litchfield",5.7,5,91.7,103,0,"GE Wind",2,"GE2.85-103",8332.29,143.3,0.884562162162162,14.3783783783784,7.99486486486486,0.479405405405405,920.56
"DE","Sussex",2,2,78,90,1,"Gamesa",1,"G90-2.0",6361.73,123.1,0.755461403508772,12.7017543859649,7.31649122807018,0.446140350877193,936.08
"IA","Adair",1119.69,211.980822179732,91.3384321223709,109.012428298279,1,"Vestas",523,"V110-2.0",9417.1775334608,145.868833652008,0.995528571428571,15.9591836734694,7.97918367346939,0.454,569.27
"IA","Adams",292.584,197.503888888889,86.5740740740741,111.898148148148,0,"Siemens",108,"SWT-2.3-108",9948.80361111111,142.592592592593,0.97192,16,7.56,0.4182,423.44
"IA","Appanoose",5.6,5.6,89,127,0,"GE Wind",2,"GE 2.8-127",12667.69,152.5,0.45105,8,7.705,0.45275,497.29
"IA","Audubon",316.54,171.468292682927,86.5121951219512,121.878048780488,0,"GE Wind",123,"GE 2.82-127",11724.4826829268,147.447967479675,0.962141293532338,15.5621890547264,7.97044776119403,0.456233830845771,442.96
"IA","Boone",88,170,95,110,1,"Vestas",44,"V110-2.0",9503.32,150,0.823666666666667,14,7.46619047619048,0.442571428571429,571.57
"IA","Bremer",2.7,0.916666666666667,74.3333333333333,53.3333333333333,0,"EWT",3,"DW-54-900",2234.72,101.066666666667,0.752,12.5,7.2675,0.44025,435.48
"IA","Buena Vista",42,130.2,65.8,78.28,0,"GE Wind",30,"GE1.5-82.5",4868.68,105.06,0.975907878787879,15.6727272727273,7.86721212121212,0.443890909090909,574.92
"IA","Calhoun",18.4,29.9,80,101,0,"Siemens",8,"SWT-2.3-101",8011.85,130.5,0.932508695652174,15.304347826087,7.72695652173913,0.452217391304348,569.97
"IA","Carroll",215.32,140.065151515152,80,91.8409090909091,0,"GE Wind",132,"GE1.62-91.5",6641.89818181818,126.023484848485,0.986878472222222,15.8888888888889,8.014375,0.456694444444444,569.44
"IA","Cass",389.28,417.101647058824,80,100.314705882353,1,"Siemens",170,"SWT-2.3-101",7908.26617647059,130.158235294118,0.911788288288288,15.009009009009,7.67225225225225,0.434036036036036,564.27
"IA","Cedar",6,6,96,116,1,"Acciona",2,"AW116/3000",10568.32,153.95,0.885975,14.7272727272727,7.37068181818182,0.443181818181818,579.44
"IA","Cerro Gordo",54.74,27.6091666666667,80.75,115.875,0,"GE Wind",24,"GE2.3-116",10557.5529166667,138.775,0.9351,15.1948051948052,7.78194805194805,0.441636363636364,568.31
"IA","Cherokee",212.04,212.04,87.3536585365854,124.987804878049,1,"GE Wind",82,"GE2.5-127",12283.658902439,149.784146341463,0.999808759124088,16,7.7592700729927,0.434102189781022,576.91
"IA","Clay",182.1,295.487671232877,89.8493150684932,115.616438356164,1,"GE Wind",73,"GE2.5-116",10506.8652054795,147.757534246575,0.999385849056604,16,7.61915094339623,0.422216981132075,567.24
"IA","Crawford",168.7,101.941935483871,78.9247311827957,87,0,"Gamesa",93,"G87-2.0",5944.68,122.432258064516,0.96951308411215,15.6635514018692,7.98869158878505,0.456028037383178,714.19
"IA","Delaware",105.76,46.335,93.225,114.7,1,"GE Wind",40,"GE2.82-127",10464.4105,150.535,0.960892307692308,15.5384615384615,7.58115384615385,0.470769230769231,577.76
"IA","Dickinson",263.95,147.486971830986,82.0422535211268,90.1795774647887,1,"GE Wind",142,"V82-1.65",6644.49507042254,127.158450704225,0.908612080536913,14.7248322147651,7.81248322147651,0.444557046979866,380.61
"IA","Emmet",1.65,1.65,70,82,0,"Vestas",1,"V82-1.65",5281.02,110.9,0.984050617283951,15.7777777777778,7.78567901234568,0.440148148148148,395.88
"IA","Fayette",37.5,37.5,100,100,0,"Nordex",15,"N100",7853.98,150,0.99272,16,7.645,0.4739,730.81
"IA","Floyd",75,75,80,91.5,1,"GE Wind",50,"GE1.5-91.5",6575.55,125.9,0.834122580645161,14,7.36161290322581,0.415064516129032,500.63
"IA","Franklin",499.91,177.098129770992,82.3358778625954,95.3664122137405,0,"Vestas",262,"V82-1.65",7460.5179389313,129.998091603053,1,16,7.99872727272727,0.456309090909091,581.97
"IA","Greene",324.7,142.803164556962,94.4493670886076,106.889240506329,1,"Vestas",158,"V110-2.0",9011.39784810127,147.9,0.955115384615385,15.5384615384615,7.65307692307692,0.477384615384615,569.57
"IA","Grundy",231.585,122.364736842105,81.5789473684211,111.789473684211,1,"Siemens",95,"SWT-2.346-108",9839.46421052632,137.573684210526,1,16,7.83,0.441,501.86
"IA","Guthrie",144.9,200.1,80,108,0,"Siemens",63,"SWT-2.3-108",9160.88,134.1,0.998227586206897,15.9770114942529,8.04103448275862,0.457448275862069,590.62
"IA","Hamilton",126.5,106.635416666667,66.6145833333333,74.75,0,"GE Wind",96,"GE1.5-82.5",4469.02114583333,104.084375,1,16,7.95036363636364,0.452218181818182,576.75
"IA","Hancock",250.048,120.189935483871,71.0483870967742,64.741935483871,0,"Siemens Gamesa Renewable Energy",248,"G47-0.676",3657.89967741935,103.4,1,16,7.79821052631579,0.440357894736842,571.01
"IA","Hardin",115.5,150,80,77,0,"GE Wind",77,"GE1.5-77",4656.63,118.6,0.999635849056604,16,7.86754716981132,0.444471698113208,569.31
"IA","Henry",1.5,1.5,85,82.3,0,"Vensys",1,"Vensys82",5319.73,126.2,0.79691724137931,13.448275862069,7.24724137931034,0.408,434.33
"IA","Howard",240.9,118.242413793103,83.1862068965517,87.4620689655172,0,"Vestas",145,"GE1.5-77",6200.13144827586,126.985517241379,0.808063917525773,13.7113402061856,7.68010309278351,0.460061855670103,473.25
"IA","Ida",503.42,263.875348837209,83.0558139534884,118.693023255814,1,"GE Wind",215,"GE2.3-116",11104.381627907,142.434418604651,0.995642574257426,15.9405940594059,7.89950495049505,0.445811881188119,431.51
"IA","Iowa",252.5,106.155844155844,97.3376623376623,126.662337662338,1,"Vestas",77,"V136-4.3",12683.5985714286,160.679220779221,0.876733333333333,14.6666666666667,7.36333333333333,0.403666666666667,586.46
"IA","Kossuth",306.76,167.099016393443,86.1229508196721,121.245901639344,1,"GE Wind",122,"GE2.82-127",11657.3845901639,146.709836065574,0.90789375,14.6875,7.81328125,0.4479375,972.72
"IA","Linn",2.5,2.5,80,96,0,"Clipper",1,"C96",7238.23,128,0.84161,13.8,7.344,0.4089,716.88
"IA","Madison",119.646,119.65,80,108,1,"Siemens",51,"SWT-2.346-108",9160.88,134.1,1,16,7.93,0.449,561.01
"IA","Mahaska",168,160.190476190476,95,110,0,"Vestas",84,"V110-2.0",9503.32,150,0.81862,14,7.124,0.3932,570.86
"IA","Marshall",222.05,101.198541666667,80,104.208333333333,0,"Siemens",96,"SWT-2.3-101",8538.48875,132.15,0.934643243243243,15.2432432432432,7.50851351351351,0.416027027027027,572.5
"IA","Mitchell",426.6,158.549226804124,80.6030927835052,97.5618556701031,0,"Vestas",194,"V82-1.65",7946.66335051546,129.384020618557,0.852418333333333,14.1333333333333,7.4675,0.417033333333333,469.13
"IA","O'Brien",749.892,410.867539432177,80,108,1,"Siemens",317,"SWT-2.346-108",9160.88,134.1,0.995170769230769,15.9487179487179,7.73287179487179,0.431574358974359,573.04
"IA","Osceola",148.6,57.3,80,116,1,"GE Wind",60,"GE2.5-116",10568.32,138.1,0.8894425,14.3833333333333,7.75233333333333,0.438283333333333,398.68
"IA","Palo Alto",356.9,197.97191011236,94.1910112359551,108.887640449438,1,"Vestas",178,"V110-2.0",9330.33797752809,148.639887640449,0.993868421052632,15.9473684210526,7.70657894736842,0.431921052631579,563.84
"IA","Plymouth",202.22,202.74,88.1369863013699,125.945205479452,1,"GE Wind",73,"GE2.82-127",12466.3805479452,151.028767123288,0.945127405247813,15.3002915451895,7.81090379008746,0.4423527696793,862.89
"IA","Pocahontas",360.8,92.7637037037037,83.7037037037037,95.1458333333333,0,"GE Wind",216,"GE1.5-91.5",7150.97731481482,131.413888888889,0.997664102564103,16,7.95717948717949,0.455692307692308,577.24
"IA","Pottawattamie",165.24,165.24,80,91.5,1,"GE Wind",102,"GE1.62-91.5",6575.55,125.9,0.779821568627451,13.2156862745098,7.55098039215686,0.449196078431373,950.28
"IA","Poweshiek",506.3,173.884810126582,92.8354430379747,114.438818565401,1,"Vestas",237,"V110-2.0",10327.153164557,150.035021097046,0.96985,16,7.525,0.4155,584.93
"IA","Sac",334.84,130.06901734104,74.9364161849711,100.324277456647,0,"GE Wind",173,"GE1.5-82.5",8289.5601734104,125.156647398844,0.995368376068376,15.965811965812,7.74777777777778,0.43191452991453,575.01
"IA","Story",183,148.782786885246,80.0409836065574,86.6475409836066,1,"GE Wind",122,"GE1.5-87",5916.42418032787,123.381147540984,0.749528571428571,12.8285714285714,7.44557142857143,0.443528571428571,572.82
"IA","Tama",48.5,100.785714285714,80.2380952380952,106.761904761905,1,"Siemens",21,"SWT-2.35-108",8976.12476190476,133.709523809524,0.966194444444444,15.6296296296296,7.50018518518519,0.416018518518519,721.01
"IA","Taylor",116.75,104.853409090909,86.9318181818182,121.227272727273,0,"GE Wind",44,"GE2.82-127",11677.2668181818,147.504545454545,0.77045,13,7.995,0.4665,531.9
"IA","Union",141.9,108.317647058824,104.632352941176,135.911764705882,0,"Vestas",34,"SG-4.8-145",14633.3776470588,172.673529411765,1,16,7.80454545454545,0.437242424242424,423.65
"IA","Webster",251.022,251.02,80,108,0,"Siemens",107,"SWT-2.346-108",9160.88,134.1,1,16,7.64,0.427,715.62
"IA","Winnebago",340.56,145.565987261146,80.6178343949045,104.910828025478,0,"GE Wind",157,"GE2.5-116",8865.10694267516,133.133757961783,0.925241428571429,14.9714285714286,7.92585714285714,0.455557142857143,400.49
"IA","Winneshiek",1.6,1.6,80,82.5,0,"GE Wind",1,"GE1.6-82.5",5345.62,121.3,0.941267441860465,15.1627906976744,7.3306976744186,0.44993023255814,689.87
"IA","Worth",517.2,120.245723684211,76.875,84.4457236842105,0,"Gamesa",304,"G87-2.0",6082.261875,119.142105263158,0.999630630630631,16,7.72063063063063,0.434369369369369,400.12
"IA","Wright",73.5,124.285714285714,67.7551020408163,81.4897959183673,0,"GE Wind",49,"GE1.5-82.5",5219.07081632653,108.640816326531,0.97703125,15.75,7.869375,0.4453125,580.42
"ID","Bingham",22.5,64.5,80,77,1,"GE Wind",15,"GE1.5-77",4656.63,118.6,0.758215555555556,12.6666666666667,6.32511111111111,0.322555555555556,2093.98
"ID","Bonneville",343.8,104.028,82.85,88.6625,0,"GE Wind",200,"GE1.5-82.5",6233.09315,127.2035,0.849384057971014,14.3188405797101,7.17478260869565,0.384391304347826,1866.08
"ID","Cassia",51,17.7352941176471,80,82.5,0,"GE Wind",34,"GE1.5-82.5",5345.62,121.3,0.802518918918919,13.4189189189189,6.72547297297297,0.338013513513513,2565.08
"ID","Elmore",248,85.0833333333333,80.75,93.9958333333333,0,"Siemens",120,"SWT-2.3-101",6988.86908333333,127.7675,0.763301408450704,12.9859154929577,6.58901408450704,0.338352112676056,3074.74
"ID","Power",124.2,69.2709677419355,80,100,0,"Vestas",62,"V100-1.8",7853.98,130.1,0.824568085106383,14,6.95808510638298,0.363936170212766,1404.24
"ID","Twin Falls",166.2,20.1058823529412,80.6470588235294,84.0147058823529,0,"GE Wind",102,"GE1.5-82.5",5559.75323529412,122.702941176471,0.863967741935484,14.4516129032258,6.81983870967742,0.332943548387097,1921.21
"IL","Adams",0.9,0.9,75,54,1,"EWT",1,"DW-54-900",2290.22,102.1,0.775354310344828,13.3275862068966,7.29301724137931,0.429215517241379,855.2
"IL","Brown",1.5,1.5,85,74,0,"Vensys",1,"1.5_74",4300.84,123.5,0.811186666666667,13.8222222222222,7.20422222222222,0.416355555555556,305.61
"IL","Bureau",498.3,175.949572649573,87.974358974359,103.004273504273,1,"Vestas",234,"V110-2.0",8484.42551282051,139.475641025641,0.916199528301887,15.0849056603774,7.34768867924528,0.420650943396226,869.03
"IL","Champaign",48.6,217.08,100,100,1,"GE Wind",30,"GE1.62-100",7853.98,150,0.893292424242424,14.7575757575758,7.23590909090909,0.424037878787879,996.27
"IL","Douglas",199.8,199.8,105,146.791666666667,0,"Vestas",48,"V150-4.3",16950.7904166667,178.495833333333,1,16,7.14,0.426,416.67
"IL","Ford",308.4,160.57037037037,81.0555555555556,94.8487654320988,1,"GE Wind",162,"GE1.6-82.5",7226.30574074074,128.544444444444,0.952732713754647,15.4423791821561,7.28144981412639,0.392252788104089,485.62
"IL","Grundy",198,198,80,77,0,"GE Wind",132,"GE1.5-77",4656.63,118.6,0.832058666666667,14.0266666666667,7.07053333333333,0.392906666666667,418.04
"IL","Henry",427.48,164.583361344538,94.6218487394958,97.1932773109244,1,"GE Wind",238,"GE1.62-100",7546.2618487395,143.186974789916,0.956332638888889,15.5,7.445625,0.409701388888889,822.99
"IL","Iroquois",249,157.180392156863,80,87.3039215686274,1,"GE Wind",153,"GE1.6-82.5",6034.18941176471,123.71568627451,0.903750763358779,14.8702290076336,7.10498091603053,0.386511450381679,1117.32
"IL","Kankakee",155.7,177.759770114943,80,100,1,"GE Wind",87,"GE1.7-100",7853.98,130.1,0.905250704225352,14.8450704225352,7.16605633802817,0.411957746478873,676.56
"IL","Lee",560.175,161.497471910112,82.8389513108614,99.87265917603,1,"Siemens Gamesa Renewable Energy",267,"SG-2.625-126",8159.27490636704,132.748689138577,0.889152542372881,14.7542372881356,7.39199152542373,0.428254237288136,724.9
"IL","Livingston",350,285.714285714286,81.2114285714286,87.4285714285714,1,"Gamesa",175,"G87-2.0",6004.25857142857,125.025142857143,0.895627802690583,14.7757847533632,7.25452914798206,0.408022421524664,1044.29
"IL","Logan",493.06,161.857595628415,94.4808743169399,116.693989071038,1,"GE Wind",183,"GE2.5-116",11085.1592896175,152.918579234973,1,16,7.2275,0.4365,618.06
"IL","Macon",305.8,305.8,95,110,1,"Vestas",139,"V110-2.0",9503.32,150,0.953273333333333,15.4666666666667,7.18333333333333,0.431733333333333,580.69
"IL","Marshall",183.06,129.795483870968,83.1935483870968,94.741935483871,1,"GE Wind",93,"GE1.5-77",7499.26419354839,130.593548387097,0.826333333333333,13.8666666666667,7.45866666666667,0.442166666666667,386.79
"IL","Mason",184.9,184.9,120,150,1,"Vestas",43,"V150-4.3",17671.46,195.1,0.69446875,11.5625,6.730625,0.399625,539.24
"IL","McDonough",115,150,89,127,0,"GE Wind",46,"GE2.5-127",12667.69,152.4,0.999895,16,7.219,0.4357,589.41
"IL","McLean",1013.77,186.131971544715,83.7743902439024,96.7764227642276,1,"Vestas",492,"V82-1.65",7742.43650406504,132.156910569106,0.871315118790497,14.5183585313175,7.38326133909287,0.421365010799136,1183.38
"IL","Morgan",301.74,301.74,114,127,1,"GE Wind",107,"GE2.82-127",12667.69,177.4,0.829553968253968,13.968253968254,7.23603174603175,0.419555555555556,568.79
"IL","Pike",1.65,1.65,70,82,0,"NEG Micon",1,"NM82",5281.02,110.9,0.870844186046512,14.3720930232558,7.17697674418605,0.426511627906977,831.38
"IL","Stark",60,150,80,77,0,"GE Wind",40,"GE1.5-77",4656.63,118.6,0.857555294117647,14.3294117647059,7.31047058823529,0.421364705882353,288.08
"IL","Stephenson",100.5,100.5,80,82,0,"Acciona",67,"AW82/1500",5281.02,121,1,16,7.425,0.455375,564.52
"IL","Tazewell",57,100.5,80,77,1,"GE Wind",38,"GE1.5-77",4656.63,118.6,0.870525925925926,14.2962962962963,7.02777777777778,0.422074074074074,648.97
"IL","Vermilion",266.48,178.943267973856,98.3986928104575,100,0,"GE Wind",153,"GE1.62-100",7853.98,148.430718954248,0.888860714285714,14.6428571428571,7.25276785714286,0.413482142857143,898.37
"IL","Warren",35,150,89,127,1,"GE Wind",14,"GE2.5-127",12667.69,152.4,0.884437704918033,14.6229508196721,7.45475409836066,0.424377049180328,542.41
"IL","Whiteside",10.5,194.25,84,126,1,"Siemens Gamesa Renewable Energy",4,"SG-2.625-126",12468.98,146.9,1,16,7.1775,0.433,684.25
"IL","Woodford",150,200,100,90,1,"Gamesa",75,"G90-2.0",6361.73,145.1,0.925289655172414,15.2068965517241,7.39758620689655,0.441655172413793,527.8
"IN","Benton",1260.95,254.429566563467,82.5232198142415,91.1075851393189,1,"GE Wind",646,"GE1.5-77",6778.76352941176,128.120743034056,0.856328676470588,14.2647058823529,7.36691176470588,0.414963235294118,406.42
"IN","Jay",232.74,134.763225806452,91.2043010752688,122.150537634409,1,"GE Wind",93,"GE2.82-127",11742.1612903226,152.267741935484,0.880724264705882,14.6176470588235,7.33558823529412,0.412647058823529,383.91
"IN","Kosciusko",0.9,0.9,71,56,0,"PowerWind",1,"PW56",2463.01,99.1,0.998791666666667,16,7.27916666666667,0.434333333333333,531.38
"IN","Madison",89.6,200,100,100,0,"GE Wind",56,"GE1.6-100",7853.98,150,1,16,7.33,0.44025,451.92
"IN","Randolph",412.3,189.5,97.3291925465839,113.776397515528,1,"Vestas",161,"V100-2.0",10530.978757764,154.316149068323,0.963040983606557,15.6229508196721,7.52,0.404946721311475,452.38
"IN","Tipton",110.4,200,100,100,1,"GE Wind",69,"GE1.6-100",7853.98,150,0.942908450704225,15.3239436619718,7.39760563380282,0.441760563380282,260.54
"IN","Warren",331.42,401.92,88.36,125.768,1,"GE Wind",125,"GE2.82-127",12432.56056,151.24,0.97635625,15.75,7.30875,0.442125,364.68
"IN","White",1001.05,159.225946547884,86.9109131403118,99.3608017817372,1,"Vestas",449,"V82-1.65",8353.2746325167,136.638530066815,0.832275,14.1666666666667,7.18833333333333,0.424041666666667,505.13
"KS","Allen",199.275,199.28,108.406779661017,130.881355932203,0,"Siemens Gamesa Renewable Energy",59,"SG-3.55-132",13458.1054237288,173.910169491525,1,16,8.05,0.455,500.3
"KS","Barber",174.2,297.226086956522,80,100.152173913043,0,"GE Wind",92,"GE1.6-100",7904.91282608696,130.119565217391,1,16,8.44222222222222,0.487222222222222,1134.07
"KS","Bourbon",157.92,197.4,114,127,0,"GE Wind",56,"GE2.82-127",12667.69,177.4,1,16,7.91,0.443,635.47
"KS","Butler",150,150,80,77,0,"GE Wind",100,"GE1.5-77",4656.63,118.6,0.982231847133758,15.7834394904459,8.36108280254777,0.482471337579618,1429.86
"KS","Clark",627.84,198.922553191489,82.386524822695,113.985815602837,0,"Vestas",282,"V110-2.0",10243.2878723404,139.357446808511,0.977402222222222,15.7111111111111,8.24577777777778,0.463811111111111,974.63
"KS","Cloud",201,100.701492537313,80,90,0,"Vestas",67,"V90-3.0",6361.73,125,1,16,8.04716417910448,0.453567164179104,715.34
"KS","Coffey",199,199,80,114,0,"Gamesa",95,"G114-2.1",10207.03,136.9,1,16,8.41,0.485,626.95
"KS","Crawford",39.48,197.4,114,127,1,"GE Wind",14,"GE2.82-127",12667.69,177.4,0.901666666666667,15.3333333333333,7.73,0.465333333333333,589.76
"KS","Elk",199.8,199.8,80,90,0,"Vestas",111,"V90-1.8",6361.73,125,1,16,8.24136363636364,0.468772727272727,644.27
"KS","Ellis",204.48,196.561403508772,80,100,0,"GE Wind",114,"GE1.79-100",7853.98,130.099122807018,0.998771212121212,16,7.78272727272727,0.422772727272727,899.91
"KS","Ellsworth",188,178.943548387097,80,83.6048387096774,0,"GE Wind",124,"GE1.5-82.5",5499.09790322581,121.862903225806,0.996080882352941,16,8.24588235294118,0.468161764705882,715.85
"KS","Ford",1140.6,188.772786177106,84.8423326133909,103.143628509719,0,"Siemens",463,"SWT-2.3-108",8756.80773218143,136.4686825054,0.553978436018957,9.74407582938389,8.28609004739337,0.486831753554502,1098.27
"KS","Gove",2.72,2.72,80,116,0,"GE Wind",1,"GE2.72-116",10568.32,138.1,1,16,7.97966666666667,0.438366666666667,1071.67
"KS","Grant",112.85,249.75,80,87,0,"GE Wind",61,"GE1.85-87",5944.68,123.4,1,16,8.12875,0.4515,574.8
"KS","Gray",507.8,124.919883040936,72.5438596491228,77.5964912280702,0,"Siemens",342,"V47-0.66",5456.18432748538,111.341520467836,0.832671830985915,13.6760563380282,8.20461267605634,0.465676056338028,868.87
"KS","Harper",281.6,470.4,80,98.0795454545455,1,"GE Wind",176,"GE1.6-100",7571.92431818182,129.110227272727,0.989808571428571,15.9142857142857,8.15957142857143,0.466042857142857,801.27
"KS","Haskell",136.9,249.75,80,87,0,"GE Wind",74,"GE1.85-87",5944.68,123.4,1,16,8.21517647058823,0.459141176470588,577.52
"KS","Kingman",438.55,256.267206477733,80.8744939271255,104.574898785425,0,"GE Wind",247,"GE1.715-103",8612.63813765182,133.155060728745,1,16,8.188,0.464714285714286,863.36
"KS","Kiowa",116.5,91.8,78.9333333333333,80.0333333333333,0,"GE Wind",75,"GE1.6-82.5",5061.80266666667,118.98,0.816823493975904,13.4819277108434,8.37222891566265,0.484415662650602,722.64
"KS","Lincoln",268.7,131.786060606061,80,82.6121212121212,0,"GE Wind",165,"V80-1.8",5388.31890909091,121.395151515152,1,16,7.76105263157895,0.419715789473684,719.4
"KS","Lyon",165.48,200.13,95.7115384615385,125.538461538462,1,"Siemens Gamesa Renewable Energy",52,"SG-3.465-132",12466.8069230769,158.580769230769,1,16,8.06875,0.458,847.47
"KS","Marion",299.25,299.25,87.5,125,0,"Nordex",95,"AW125/3150",12271.85,150,0.996465671641791,15.9701492537313,8.39626865671642,0.484761194029851,944.29
"KS","Marshall",373.66,244.640965517241,89.8068965517241,121.944827586207,1,"GE Wind",145,"GE2.82-127",11722.7907586207,150.719310344828,1,16,8.1437037037037,0.463148148148148,900.18
"KS","Nemaha",300.96,300.96,90,116,0,"GE Wind",120,"GE2.3-116",10568.32,148.1,0.873638235294118,14.1176470588235,8.18117647058824,0.472852941176471,717.43
"KS","Neosho",301,301,121.654676258993,118.273381294964,0,"Vestas",139,"V120-2.2",10997.8318705036,180.791366906475,0.842547777777778,14.1777777777778,7.84044444444444,0.466611111111111,571.47
"KS","Ness",168.26,198.7,80,100,0,"GE Wind",94,"GE1.79-100",7853.98,130.1,1,16,8.13666666666667,0.454578947368421,1074.75
"KS","Osage",31.185,200.13,101.5,132,1,"Siemens Gamesa Renewable Energy",9,"SG-3.465-132",13684.78,167.6,1,16,8.139,0.46225,705.52
"KS","Pratt",452.065,224.861101321586,80,105.484581497797,1,"GE Wind",227,"GE1.715-103",8747.73916299559,132.74449339207,1,16,8.27,0.473030303030303,735.05
"KS","Rush",48.3,48.3,80,108,0,"Siemens",21,"SWT-2.3-108",9160.88,134.1,1,16,8.16098765432099,0.458222222222222,717.76
"KS","Sumner",150,150,80,110,1,"Vestas",75,"V110-2.0",9503.32,135,1,16,8.22,0.472,1181.94
"KS","Thomas",466.215,242.802114285714,87.0571428571429,118.354285714286,0,"Siemens Gamesa Renewable Energy",175,"SG-2.625-120",11004.6927428571,146.334285714286,1,16,7.99234042553192,0.434127659574468,1074.69
"KS","Trego",30.43,198.7,80,100,0,"GE Wind",17,"GE1.79-100",7853.98,130.1,1,16,7.90868852459016,0.427786885245902,889.48
"KS","Wichita",99,99,80,90,0,"Vestas",33,"V90-3.0",6361.73,125,1,16,7.90833333333333,0.425333333333333,718.57
"MA","Barnstable",9.71,2.03375,69.25,65,0,"GE Wind",8,"NW100",3829.35875,102.05,0.310053333333333,6.18666666666667,8.016,0.47352,393.72
"MA","Berkshire",39.1,19.028,73.6,80.32,0,"GE Wind",25,"GE1.5-77",5154.5408,113.856,0.786509137055838,13.4213197969543,8.08197969543147,0.475497461928934,926.83
"MA","Bristol",5,2.66666666666667,80,85.6666666666667,0,"Sinovel",3,"SL1500",5784.98333333333,122.833333333333,0.650839285714286,11.2142857142857,7.08892857142857,0.415,553.1
"MA","Essex",7.6,2.9,79,86.25,0,"Gamesa",4,"G90-2.0",5853.675,122.2,0.51466,9.08571428571429,7.546,0.446657142857143,492.56
"MA","Franklin",12,28.5,65,77,0,"GE Wind",8,"GE1.5-77",4656.63,103.6,0.880632352941176,14.5882352941176,7.73264705882353,0.454882352941176,699.32
"MA","Hampden",5,5,90,109,0,"Goldwind",2,"GW109",9331.32,144.5,0.96456,15.6,7.689,0.4638,617.14
"MA","Plymouth",19.46,5.04181818181818,84.5454545454545,86.2727272727273,0,"Gamesa",11,"G97-2.0",5997.08727272727,127.636363636364,0.555405263157895,9.78947368421053,7.51394736842105,0.450263157894737,659.08
"MA","Suffolk",2.7,1.3,46.3333333333333,58.6666666666667,0,"RRB",3,"PS-600",2916.96666666667,75.5666666666667,0.235236363636364,5.27272727272727,6.84454545454545,0.421545454545455,58.15
"MA","Worcester",6.3,3.15,72.5,79.5,0,"Fuhrlander",4,"FL1500",4968.825,112.25,0.651483333333333,11.1666666666667,7.51854166666667,0.468479166666667,1510.77
"MD","Garrett",190,52.1052631578947,87.3684210526316,95.8947368421053,0,"Nordex",76,"C96",7234.42736842105,135.315789473684,0.75813828125,12.875,7.988046875,0.45675,647.1
"ME","Aroostook",189.6,103.286842105263,82.5263157894737,99.1052631578947,0,"Vestas",76,"V112-3.075",7937.93526315789,132.051315789474,0.84185,14.0752688172043,7.23198924731183,0.410833333333333,6671.33
"ME","Franklin",166.2,56.4375,81.0714285714286,92.7857142857143,0,"Vestas",56,"V90-3.0",6783.99285714286,127.485714285714,0.771432,13.2218181818182,8.80814545454546,0.498032727272727,1696.61
"ME","Hancock",157.8,53.6896551724138,109.646551724138,114.844827586207,0,"Vestas",58,"V126-3.3",10453.7175862069,167.139655172414,0.78985,13.1794871794872,7.195,0.413141025641026,1586.89
"ME","Knox",4.5,4.5,80,77,0,"GE Wind",3,"GE1.5-77",4656.63,118.6,0.7112625,12,7.30125,0.433625,365.13
"ME","Oxford",104.8,35.8418604651163,84.4418604651163,97.2325581395349,0,"Siemens",43,"SWT-2.3-93",7533.55953488372,133.093023255814,0.765987577639752,13.055900621118,8.1472049689441,0.45883850931677,2076.84
"ME","Penobscot",111.9,51.7706896551724,82.1896551724138,86.8275862068966,0,"GE Wind",58,"GE1.5-77",6096.74982758621,125.658620689655,0.879745454545454,14.5818181818182,7.47527272727273,0.455618181818182,3397.36
"ME","Piscataquis",69.3,184.8,94,112,0,"Vestas",21,"V112-3.3",9852.03,150,0.791390476190476,13.4603174603175,8.49888888888889,0.500579365079365,3960.86
"ME","Somerset",115.5,184.8,94,112,0,"Vestas",35,"V112-3.3",9852.03,150,0.848776923076923,14.3076923076923,8.23362637362637,0.485126373626374,3924.4
"ME","Waldo",4.5,4.5,80,77,0,"GE Wind",3,"GE1.5-77",4656.63,118.6,0.867908695652174,14.2608695652174,6.85565217391304,0.398086956521739,729.92
"ME","Washington",82.5,47.2636363636364,80,77,0,"GE Wind",55,"GE1.5-77",4656.63,118.6,0.778988888888889,13.1111111111111,7.55259259259259,0.461814814814815,2562.66
"MI","Delta",97,54.1470588235294,86.4705882352941,117.588235294118,0,"Siemens Gamesa Renewable Energy",34,"SG-3.4-132",11092.7335294118,145.226470588235,0.813376470588235,13.4117647058824,7.38647058823529,0.441235294117647,1171.1
"MI","Emmet",1.8,1.8,72,52,1,"NEG Micon",2,"NM52",2123.72,98.1,0.7044,11.3333333333333,7.61,0.461666666666667,467.49
"MI","Gratiot",730.32,124.929387755102,93.3032069970845,106.762390670554,1,"GE Wind",343,"GE1.6-82.5",9258.04402332361,146.590670553936,0.960203278688525,15.4754098360656,7.21245901639344,0.438295081967213,568.46
"MI","Hillsdale",166.08,166.08,88.1,125.9,0,"GE Wind",60,"GE2.82-127",12457.753,150.97,1,16,7.50029850746269,0.455208955223881,598.13
"MI","Huron",870.65,83.9468287526427,89.8731501057082,100.372093023256,1,"GE Wind",473,"GE1.6-100",8022.36871035941,140.093868921776,0.894750146627566,14.633431085044,7.54454545454545,0.432255131964809,835.71
"MI","Isabella",472.52,337.008837209302,106.796511627907,124.697674418605,0,"GE Wind",172,"GE2.82-127",12228.2869767442,169.087209302326,0.921583333333333,15,6.955,0.411416666666667,572.68
"MI","Mason",100.8,100.8,80,100,0,"Vestas",56,"V100-1.8",7853.98,130.1,0.780484,13.12,7.592,0.42444,495.07
"MI","Missaukee",50.1,17.4166666666667,94.1666666666667,92.2916666666667,0,"REpower",24,"MM92",6690.19916666667,140.3375,1,16,7.5375,0.4564375,564.73
"MI","Osceola",10.5,20.5,96,92.6,0,"REpower",5,"MM92",6734.63,142.34,1,16,7.3,0.434117647058824,566.39
"MI","Saginaw",11.2,120,80,90,0,"GE Wind",7,"GE1.6-82.5",6420.63142857143,125.071428571429,0.786105128205128,13.025641025641,6.89333333333333,0.414,800.11
"MI","Sanilac",122,73.4285714285714,95.2857142857143,100,0,"Vestas",70,"V100-1.8",7853.98,145.357142857143,0.922610616438356,15.0890410958904,7.47431506849315,0.454979452054795,962.57
"MI","Tuscola",588.48,97.7355333333333,86.3666666666667,105.745,0,"GE Wind",300,"GE1.6-100",8833.2022,139.318,0.934454761904762,15.1666666666667,7.19934523809524,0.426029761904762,803.13
"MN","Becker",3,48,80,82.5,0,"GE Wind",2,"GE1.5-82.5",5345.62,121.3,0.707064705882353,11.921568627451,7.38921568627451,0.414117647058824,1315.2
"MN","Chippewa",42.1,44.6,88.8235294117647,116,1,"GE Wind",17,"GE2.5-116",10568.32,146.923529411765,0.837745161290323,14.258064516129,7.78322580645161,0.487548387096774,581.12
"MN","Clay",47.73,42.5717647058824,77.9411764705882,78.3529411764706,1,"GE Wind",34,"GE1.5-82.5",4923.02882352941,117.152941176471,0.99,16,7.49214285714286,0.415964285714286,1045.37
"MN","Cottonwood",182.2,128.804945054945,77.6483516483516,99.1428571428571,1,"Vestas",91,"V110-2.0",7919.47285714286,127.238461538462,0.997824299065421,15.981308411215,8.16158878504673,0.467420560747664,638.61
"MN","Dakota",2.5,2.5,80,96,0,"Clipper",1,"C96",7238.23,128,0.723327272727273,12.0909090909091,7.115,0.434590909090909,562.17
"MN","Dodge",66.45,58.3556603773585,74.7169811320755,66.6037735849057,0,"NEG Micon",53,"NM54",3776.60867924528,107.996226415094,0.839966891891892,14.1621621621622,7.76493243243243,0.470074324324324,439.28
"MN","Faribault",38.5,32.65,88.8,93.7,0,"Gamesa",20,"G97-2.0",6972.528,135.56,0.988738738738739,15.8918918918919,7.88324324324324,0.449747747747748,712.48
"MN","Freeborn",256.6,174.984353741497,80,88.4353741496599,1,"Vestas",147,"V82-1.65",6301.26721088435,124.201360544218,0.971135023041475,15.6129032258065,7.80990783410138,0.443235023041475,707.09
"MN","Grant",20,20,79,88,0,"Suzlon",10,"S88",6082.12,123.1,0.950513223140496,15.4380165289256,7.72479338842975,0.453148760330578,548.16
"MN","Jackson",598.6,155.269252873563,79.7873563218391,85.5890804597701,0,"GE Wind",348,"GE1.5-77",5887.43537356322,122.63908045977,0.970558064516129,15.6612903225806,7.94262096774194,0.45420564516129,702.98
"MN","Kandiyohi",4,4,80,80,1,"DeWind",2,"D8.2",5026.55,120.1,0.849360621761658,14.2176165803109,7.57538860103627,0.467072538860104,796.79
"MN","Lincoln",760.09,168.653719211823,78.9975369458128,103.48275862069,0,"Vestas",406,"V120-2.0",8769.46091133005,130.720443349754,0.982393852459016,15.7950819672131,8.25868852459016,0.474262295081967,536.76
"MN","Lyon",18.9,18.9,79,88,1,"Suzlon",9,"S88",6082.12,123.1,0.99303024691358,15.9135802469136,7.93141975308642,0.447962962962963,714.56
"MN","Martin",110,111.934426229508,79.344262295082,90.6065573770492,1,"GE Wind",61,"GE1.6-91",6488.48229508197,124.681967213115,0.977603351955307,15.7430167597765,7.9154748603352,0.454854748603352,712.35
"MN","Meeker",40.08,19.8,80,85.5,0,"Alstom",24,"ECO 86",5741.46,122.8,0.905060869565217,15.1304347826087,7.74652173913043,0.490608695652174,608.18
"MN","Mower",599.95,121.531524926686,83.475073313783,87.8269794721408,0,"Vestas",341,"GE1.5-77",6172.41791788856,127.468914956012,0.891482926829268,14.7414634146341,7.84936585365854,0.453887804878049,711.33
"MN","Murray",299.135,139.698324873096,77.1243654822335,75.6675126903553,1,"GE Wind",197,"GE1.5-77",4559.18314720812,115.026903553299,0.996774301675978,15.9776536312849,8.19296089385475,0.470659217877095,704.7
"MN","Nobles",525.4,196.414901960784,81.2882352941176,93.1666666666667,1,"GE Wind",255,"GE1.5-77",7356.45870588235,127.93568627451,0.973522101449275,15.6594202898551,7.9745652173913,0.452960144927536,715.11
"MN","Pipestone",282.975,58.2342361111111,79.7013888888889,97.5486111111111,1,"GE Wind",144,"GE2.3-116",7894.25041666667,128.55625,0.95190979020979,15.3566433566434,7.95853146853147,0.451314685314685,465.06
"MN","Redwood",3.3,3.3,70,82,1,"Vestas",2,"V82-1.65",5281.02,110.9,0.992225,15.9078947368421,7.64848684210526,0.427710526315789,878.57
"MN","Rice",4.9,1.63333333333333,80,82.1666666666667,0,"Vestas",3,"V82-1.65",5302.55333333333,121.1,0.801696218487395,13.6638655462185,7.56285714285714,0.462441176470588,495.68
"MN","Rock",208.72,190.52544,79.68,82.124,0,"GE Wind",125,"GE1.68-82.5",5331.4104,120.788,0.968064356435644,15.5049504950495,7.80782178217822,0.43939603960396,482.46
"MN","Scott",1.5,1.5,80,77,0,"Changzhou Railcar Propulsion Engineering Research and Development Center",1,"FD-77-1500",4656.63,118.6,0.711563636363636,12.1363636363636,7.13659090909091,0.431818181818182,356.48
"MN","Stearns",78.6,76.065,79.25,108.45,1,"Vestas",40,"V110-2.0",9310.976,133.4775,0.88439209039548,14.8022598870057,7.60011299435028,0.457378531073446,1343.13
"MN","Steele",43.2,43.2,80,90,0,"Vestas",24,"V90-1.8",6361.73,125,0.897958854166667,14.84375,7.72151041666667,0.460604166666667,429.65
"MN","Stevens",3.3,1.65,75,82,1,"Vestas",2,"V82-1.65",5281.02,115.95,0.965128735632184,15.632183908046,7.96758620689655,0.459068965517241,563.6
"MN","Watonwan",10,20,79,88,0,"Suzlon",5,"S88",6082.12,123.1,1,16,8.1175,0.47075,434.95
"MN","Winona",5.75,3.83333333333333,76,83,0,"Clipper",3,"C96",5676.07333333333,117.533333333333,0.729165,12.65,7.13175,0.43095,626.21
"MO","Adair",198.25,400,92.2117647058824,119.152941176471,0,"Vestas",85,"V120-2.2",11155.3852941176,151.877647058824,1,16,7.5,0.46,567.32
"MO","Atchison",800,245.790058479532,89.7163742690059,109.616959064327,0,"Vestas",342,"V110-2.0",9764.37649122807,144.560526315789,0.95189381443299,15.5051546391753,7.46030927835052,0.410577319587629,547.3
"MO","Barton",149.4,149.4,121.652173913043,118.260869565217,0,"Vestas",69,"V120-2.2",10995.5717391304,180.782608695652,0.886126923076923,14.7692307692308,7.52461538461538,0.436038461538462,591.92
"MO","Dade",27.8,149.4,121.384615384615,116.923076923077,0,"Vestas",13,"V120-2.2",10753.9115384615,179.846153846154,0.969572727272727,15.8181818181818,7.63545454545455,0.465909090909091,490.01
"MO","Gentry",56.7,56.7,80,88,0,"Suzlon",27,"S88",6082.12,124.1,0.976791803278689,15.8032786885246,7.49655737704918,0.412016393442623,491.42
"MO","Jasper",68.2,149.4,122,120,0,"Vestas",31,"V120-2.2",11309.73,182,0.999870588235294,16,7.61529411764706,0.465411764705882,638.49
"MO","Lawrence",53.4,149.4,121.36,116.8,0,"Vestas",25,"V120-2.2",10731.6788,179.76,0.850186428571429,14.3,7.81857142857143,0.473978571428571,611.74
"MO","Nodaway",528.9,219.286160714286,95.3482142857143,118.723214285714,0,"Vestas",224,"V120-2.2",11185.0986607143,154.730357142857,0.996501935483871,15.9612903225806,7.59516129032258,0.420529032258065,876.96
"MO","Schuyler",201.75,400,92.0666666666667,119.733333333333,1,"Vestas",90,"V120-2.2",11261.14,152.03,1,16,7.59,0.469,307.3
"MT","Carbon",233.8,239.8,80,110.216216216216,0,"Vestas",111,"V110-2.0",9541.69837837838,135.111711711712,0.880569047619048,14.547619047619,6.83869047619048,0.331154761904762,2048.79
"MT","Cascade",9,9,80,77,0,"GE Wind",6,"GE1.5-77",4656.63,118.6,0.767055357142857,12.9880952380952,7.86642857142857,0.420095238095238,2698.16
"MT","Fallon",30,15,80,77,0,"GE Wind",20,"GE1.5-77",4656.63,118.6,0.878544318181818,14.6590909090909,8.23636363636364,0.449613636363636,1620.77
"MT","Glacier",87,130.034482758621,80,77,0,"Acciona",58,"AW77/1500",4656.63,118.6,0.861551208791209,14.378021978022,8.78087912087912,0.420534065934066,2995.94
"MT","Judith Basin",119.9,61.4277777777778,85.3518518518518,105.787037037037,0,"GE Wind",54,"GE2.82-127",9161.21111111111,138.318518518519,0.858557627118644,14.2033898305085,8.32169491525424,0.43654802259887,1869.82
"MT","Meagher",9,9,80,77,0,"GE Wind",6,"GE1.5-77",4656.63,118.6,0.802606896551724,13.4252873563218,7.80471264367816,0.402528735632184,2391.91
"MT","Stillwater",79.75,79.75,84.1935483870968,118.064516129032,0,"Siemens Gamesa Renewable Energy",31,"SG-2.625-120",10963.1412903226,143.325806451613,0.845817105263158,14.1315789473684,6.72552631578947,0.298144736842105,1795.35
"MT","Sweet Grass",25.06,25.06,80,100,0,"GE Wind",14,"GE1.79-100",7853.98,130.1,0.864545038167939,14.4427480916031,7.51519083969466,0.353969465648855,1855.21
"MT","Teton",39.9,23.6157894736842,80,104.789473684211,0,"GE Wind",19,"GE2.3-107",8632.63894736842,132.426315789474,0.946176190476191,15.4285714285714,8.75396825396825,0.361539682539683,2272.38
"MT","Toole",312,148.918269230769,80,77,0,"Acciona",208,"AW77/1500",4656.63,118.6,0.875672258064516,14.4774193548387,8.17238709677419,0.409406451612903,1915.65
"MT","Wheatland",166.175,105.568717948718,75.9794871794872,75.0897435897436,0,"GE Wind",117,"GE1.5-77",4611.00034188034,113.611111111111,0.920558333333333,15.1458333333333,7.844375,0.38053125,1423.2
"NC","Pasquotank",100,208,93,114,1,"Gamesa",50,"G114-2.0",10207.03,150,1,16,7.24,0.426,226.88
"ND","Adams",155.5,91.364406779661,82.9830508474576,104.610169491525,0,"Nordex",59,"N100",8639.6993220339,135.333898305085,0.97981724137931,15.7241379310345,8.20655172413793,0.457586206896552,987.62
"ND","Barnes",258.9,137.782941176471,80,86.4147058823529,1,"GE Wind",170,"GE1.5-91",5890.44388235294,123.295882352941,1,16,7.88469387755102,0.446163265306122,1491.55
"ND","Bowman",19.5,19.5,80,77,1,"GE Wind",13,"GE1.5-77",4656.63,118.6,0.949509278350515,15.3814432989691,8.18288659793815,0.45340206185567,1161.81
"ND","Burke",193.24,193.24,88.9189189189189,114.594594594595,0,"GE Wind",74,"GE2.72-116",10326.587027027,146.294594594595,0.941101255230126,15.255230125523,8.07698744769874,0.454150627615063,1103.57
"ND","Burleigh",204.2,69.6815384615385,80,90.4615384615385,1,"GE Wind",130,"GE1.6-91",6432.83192307692,125.330769230769,0.916713636363636,14.8181818181818,7.84454545454545,0.436568181818182,1632.65
"ND","Cavalier",210.66,92.1929323308271,80,85.9172932330827,0,"GE Wind",133,"GE1.62-91",5826.38526315789,123.015037593985,0.990401818181818,15.8909090909091,8.10990909090909,0.465709090909091,1488.75
"ND","Dickey",253.5,124.869718309859,80,102.760563380282,0,"Vestas",142,"V120-2.0",8554.55647887324,131.332394366197,0.9542825,15.525,8.2155,0.468875,1131.47
"ND","Emmons",175.76,216.44,81.566265060241,108.168674698795,0,"GE Wind",83,"GE1.72-103",9221.31397590361,135.630120481928,1,16,7.63923076923077,0.415615384615385,1510.44
"ND","Griggs",46.5,120,80,77,0,"GE Wind",31,"GE1.5-77",4656.63,118.6,1,16,7.87,0.4452,708.82
"ND","Hettinger",149.03,149.03,80,114.444444444444,0,"GE Wind",72,"GE2.0-116",10304.4258333333,137.322222222222,1,16,8.00045454545455,0.441363636363636,1132.22
"ND","Logan",40.68,216.44,84.2105263157895,108.473684210526,1,"GE Wind",19,"GE1.72-103",9273.77631578947,138.431578947368,0.995554545454545,15.969696969697,8.07969696969697,0.456954545454545,992.82
"ND","McHenry",111.27,67.4654347826087,78.8695652173913,96.804347826087,0,"Vestas",46,"V126-3.45",8502.05217391304,127.234782608696,0.970519834710744,15.603305785124,7.43735537190083,0.402297520661157,1873.95
"ND","McIntosh",138,150,80,110,0,"Vestas",69,"V110-2.0",9503.32,135,0.994584210526316,16,8.15657894736842,0.462210526315789,974.73
"ND","Mercer",17.5,106.7,90,116,1,"GE Wind",7,"GE2.5-116",10568.32,148.1,0.991116666666667,16,7.65833333333333,0.413333333333333,1042.96
"ND","Morton",480.25,98.7706632653061,81.8367346938775,106.576530612245,1,"GE Wind",196,"SWT-3.0-101",8965.27770408163,135.187755102041,0.999469101123596,16,8.07157303370787,0.448775280898876,1926.27
"ND","Oliver",386.4,118.852040816327,85.4421768707483,105.197278911565,1,"Siemens",147,"SWT-3.2-113",8751.04517006803,138.078231292517,0.997977391304348,15.9826086956522,8.03060869565217,0.448086956521739,722.51
"ND","Pembina",1,1,70,59,0,"Nordic",1,"N1000",2733.97,99.4,0.974810638297872,15.7021276595745,7.13212765957447,0.382659574468085,1118.69
"ND","Pierce",149.1,149.1,79,88,1,"Suzlon",71,"S88",6082.12,123.1,0.992766666666667,15.9047619047619,7.2247619047619,0.382047619047619,1018.6
"ND","Rolette",150,150,95,100,0,"Vestas",75,"V100-2.0",7853.98,145.1,0.993211111111111,16,7.85222222222222,0.438777777777778,903.08
"ND","Stark",169.73,145.015567010309,80,102.474226804124,1,"GE Wind",97,"GE1.715-103",8248.4624742268,131.172164948454,0.997939873417722,15.9873417721519,8.22227848101266,0.462759493670886,1334.74
"ND","Steele",123,91.6280487804878,80,79.2134146341463,0,"GE Wind",82,"GE1.5-77",4933.90646341463,119.686585365854,1,16,8.28411764705882,0.481372549019608,712.22
"ND","Stutsman",200,200,80,100,1,"Vestas",100,"V100-2.0",7853.98,130.099,0.996227272727273,15.9636363636364,7.99281818181818,0.452636363636364,2221.72
"ND","Ward",120,111.3375,80,77.20625,0,"GE Wind",80,"GE1.5-77",4682.467125,118.70125,0.971119907407407,15.6296296296296,7.94768518518519,0.446013888888889,2013.28
"ND","Williams",442,221.3,90.6944444444444,119.6875,1,"Vestas",144,"V100-2.0",11674.3724305556,150.628472222222,0.77357,13.2,6.69433333333333,0.3501,2077.4
"NE","Adams",1.7,1.7,80,103,1,"GE Wind",1,"GE1.7-103",8332.29,131.4,1,16,7.79454545454545,0.432090909090909,563.27
"NE","Antelope",456.72,171.210087719298,83.5526315789474,105.684210526316,1,"GE Wind",228,"GE1.7-100",8818.285,136.494736842105,1,16,8.289453125,0.473390625,857.22
"NE","Boone",177.07,90.5699115044248,80,87.4557522123894,0,"GE Wind",113,"GE1.5-82.5",6055.95203539823,123.79203539823,1,16,8.32253731343284,0.475791044776119,686.55
"NE","Brown",59.4,59.4,70,82,1,"Vestas",36,"V82-1.65",5281.02,110.9,1,16,8.14267716535433,0.45288188976378,1221.33
"NE","Custer",153.1,77.6677419354839,80,90.5913978494624,0,"GE Wind",93,"GE1.6-82.5",6505.39935483871,125.367741935484,0.998888461538462,16,8.19358974358974,0.452807692307692,2575.52
"NE","Dixon",318.15,318.15,87.5,125,0,"Nordex",101,"AW125/3150",12271.85,150,1,16,8.32,0.48,476.23
"NE","Fillmore",6.9,6.9,90,116,1,"GE Wind",3,"GE2.3-116",10568.32,148.1,1,16,7.93,0.447,575.37
"NE","Franklin",32.5,250,80,116,0,"GE Wind",13,"GE2.5-116",10568.32,138.1,1,16,7.8975,0.4377,575.82
"NE","Gage",20.4,74.8,80,100,1,"GE Wind",12,"GE1.7-100",7853.98,130.1,1,16,8.45,0.49,851.49
"NE","Holt",400,400,80,110,1,"Vestas",200,"V110-2.0",9503.32,135,0.998306477732794,15.9838056680162,8.23004048582996,0.466692307692308,2412.4
"NE","Jefferson",54.4,74.8,80,100,1,"GE Wind",32,"GE1.7-100",7853.98,130.1,1,16,8.48,0.489,570.19
"NE","Keya Paha",3,3,65,77,0,"Vensys",2,"Vensys77",4656.63,103.6,1,16,7.96828947368421,0.438776315789474,773.07
"NE","Kimball",30,30,90,116,1,"GE Wind",12,"GE2.5-116",10568.32,148.1,0.988312686567164,15.8358208955224,8.14171641791045,0.42139552238806,951.85
"NE","Knox",123,63.4897959183673,80,90,1,"Vestas",49,"V90-3.0",6361.73,125,0.990882407407407,15.8703703703704,8.31648148148148,0.472518518518519,1108.35
"NE","Platte",13.7,6.84285714285714,80,108.571428571429,0,"GE Wind",7,"GE1.7-103",9290.58857142857,134.271428571429,1,16,8.23,0.471,674.06
"NE","Polk",2.5,2.5,89,127,1,"GE Wind",1,"GE-2.5-127",12667.69,152.5,1,16,8.04,0.454948275862069,438.35
"NE","Richardson",60,60,80,82.5,0,"GE Wind",40,"GE1.5-82.5",5345.62,121.3,1,16,7.83736842105263,0.432421052631579,551.84
"NE","Saline",286.25,155.896276595745,91.0851063829787,127.436170212766,1,"Siemens Gamesa Renewable Energy",94,"V110-2.0",12916.634787234,154.835106382979,1,16,7.91301369863014,0.446575342465753,574.02
"NE","Seward",1.7,1.7,80,103,0,"GE Wind",1,"GE1.7-103",8332.29,131.4,1,16,7.985,0.453833333333333,571.43
"NE","Wayne",648.29,226.364158878505,91.0070093457944,125.004672897196,0,"GE Wind",214,"GE2.82-127",12386.1680373832,153.498598130841,1,16,8.65,0.504,442.92
"NE","Webster",272.46,193.348672566372,80,115.433628318584,1,"GE Wind",113,"GE2.5-116",10472.2371681416,137.816814159292,1,16,7.96,0.442,574.91
"NH","Coos",113.25,87.8486842105263,80.6578947368421,91.7105263157895,0,"Vestas",38,"V90-3.0",6621.01421052632,126.526315789474,0.762667647058824,13.0470588235294,8.02217647058824,0.461635294117647,1794.69
"NH","Grafton",48,48,78,87,0,"Gamesa",24,"G87-2.0",5944.68,121.6,0.819181052631579,13.7894736842105,7.99284210526316,0.467305263157895,1708.75
"NH","Hillsborough",28.8,28.8,91.0555555555556,113,0,"Siemens",9,"SWT-3.2-113",10028.75,147.544444444444,0.86015,14.4285714285714,7.64071428571429,0.466071428571429,876.14
"NH","Sullivan",24,24,78,87,0,"Gamesa",12,"G87-2.0",5944.68,121.6,0.823727272727273,13.8636363636364,8.44022727272727,0.520954545454545,537.31
"NJ","Atlantic",7.5,7.5,80,77,0,"GE Wind",5,"GE1.5-77",4656.63,118.6,0.6754,12,7.33,0.416666666666667,555.7
"NJ","Hudson",1.5,1.5,65,77,0,"Leitner Poma",1,"LTW-77",4656.63,103.6,0.06255,2.5,6.06,0.3385,46.19
"NM","Catron",99.8,99.8,94.1176470588235,137.176470588235,0,"GE Wind",34,"GE3.0-140",14826.0964705882,162.805882352941,0.753999333333333,12.6933333333333,6.30753333333333,0.274913333333333,6923.69
"NM","Chaves",162.93,159.231578947368,81,91.9105263157895,0,"Mitsubishi",76,"MWT62/1.0",7563.05894736842,127.014473684211,0.913070135746606,14.9864253393665,7.43837104072398,0.348049773755656,6065.28
"NM","Cibola",102.4,102.4,80,82.5,0,"GE Wind",64,"GE1.6-82.5",5345.62,121.3,0.853245454545455,14.4545454545455,6.80836363636364,0.311881818181818,4539.48
"NM","Curry",483.12,156.926798029557,81.9211822660099,110.827586206897,0,"Siemens",203,"SWT-2.3-108",9747.54600985222,137.427093596059,0.889500420168067,14.7058823529412,8.59924369747899,0.447953781512605,1404.8
"NM","Guadalupe",296.06,355.917962962963,88.75,126.694444444444,0,"GE Wind",108,"GE 2.82-127",12609.3741666667,152.072222222222,0.890227797202797,14.6888111888112,8.27713286713287,0.403368881118881,3030.48
"NM","Lea",192.2,145.814285714286,97.0535714285714,127.125,0,"Siemens Gamesa Renewable Energy",56,"SG-4.5-145",13015.1016071429,160.669642857143,0.987772033898305,15.864406779661,7.77720338983051,0.402110169491525,4390.93
"NM","Lincoln",86.8,1055.6,89,127,1,"GE Wind",31,"GE2.8-127",12667.69,152.4,0.930203753351206,15.2064343163539,8.26573726541555,0.398892761394102,4831.09
"NM","Luna",50.4,50.4,80,100,0,"Vestas",28,"V100-1.8",7853.98,130.1,0.892022857142857,14.5714285714286,6.44514285714286,0.319485714285714,2965.19
"NM","Quay",236.4,124.187640449438,75.5112359550562,77.6067415730337,0,"GE Wind",178,"GE1.5-87",4957.80831460674,114.262921348315,0.894523285486443,14.8133971291866,8.4575279106858,0.424164274322169,2874.35
"NM","Roosevelt",902.25,353.943949044586,78.0849256900212,102.876433121019,0,"Vestas",471,"V120-2.2",8655.9474522293,129.509766454352,0.974828378378378,15.7162162162162,8.09567567567568,0.420540540540541,2447.43
"NM","Torrance",1503.6,691.905719237435,86.1611785095321,123.038128249567,0,"GE Wind",577,"GE2.8-127",11916.5833795494,147.59410745234,0.903729922779923,14.8416988416988,8.54420849420849,0.411179536679537,3344.85
"NV","White Pine",151.8,151.8,80,101,0,"Siemens",66,"SWT-2.3-101",8011.85,130.5,0.816742986425339,13.6515837104072,6.48088235294118,0.305570135746606,8875.65
"NY","Chautauqua",203.875,102.262465753425,93.2465753424657,113.13698630137,0,"Vestas",73,"V110-2.0",10061.3076712329,149.778082191781,0.835197512437811,13.8308457711443,7.44039800995025,0.410830845771144,1060.23
"NY","Clinton",494.25,127.001953125,83.828125,86.5703125,0,"GE Wind",256,"GE1.5-77",6077.2471875,127.1859375,0.891407142857143,14.8428571428571,7.90764285714286,0.465592857142857,1037.85
"NY","Erie",36.5,16.7666666666667,80.3333333333333,93.4866666666667,0,"Clipper",15,"C93",6872.826,127.08,0.738507111111111,12.56,7.07373333333333,0.390524444444444,1042.69
"NY","Franklin",184.2,96.6333333333333,84.4537037037037,89.6759259259259,0,"GE Wind",108,"GE1.5-77",6558.15592592593,129.357407407407,0.829687741935484,14.0258064516129,7.578,0.450212903225806,1629.12
"NY","Herkimer",74,74,100,90,0,"Gamesa",37,"G90-2.0",6361.73,145.1,0.775498979591837,13.1020408163265,7.2830612244898,0.415959183673469,1411.47
"NY","Lewis",480.725,144.575196850394,84.242125984252,90.759842519685,0,"Vestas",254,"V82-1.65",6706.22374015748,129.627952755906,0.895033928571429,14.875,7.60026785714286,0.441669642857143,1274.68
"NY","Madison",58.5,31.4615384615385,72.8205128205128,73.9615384615385,0,"GE Wind",39,"GE1.5-70.5",4305.79384615385,109.871794871795,0.821388571428571,13.7714285714286,7.56442857142857,0.425214285714286,654.84
"NY","Oneida",6,34.5,80,77,0,"GE Wind",4,"GE1.5-77",4656.63,118.6,0.846894736842105,14.3157894736842,7.67157894736842,0.437368421052632,1212.43
"NY","Ontario",3.3,3.3,70,82,0,"Hyundai",2,"HQ1650",5281.02,110.9,0.77125375,13.25,7.8125,0.4561875,644.07
"NY","Steuben",196.55,71.8086206896552,79.551724137931,101.919540229885,0,"GE Wind",87,"GE2.5-116",8235.81609195402,130.502298850575,0.82155,14,7.89744680851064,0.474914893617021,1390.56
"NY","Wayne",1.1,0.975,47.5,43.5,0,"Fuhrlander",2,"FL250",1651.3,69.55,0.969685714285714,16,7.02285714285714,0.418,603.83
"NY","Wyoming",432.96,106.316197183099,80,81.7605633802817,0,"GE Wind",284,"GE1.5-77",5319.71507042254,120.976056338028,0.852209039548023,14.316384180791,7.78881355932203,0.462350282485876,592.75
"OH","Cuyahoga",3.5,1.865,77.5,77,0,"Nordex",2,"N54",5072.1,115.95,0.19738,4.8,6.974,0.4264,457.19
"OH","Darke",4.5,4.5,80,87,0,"Goldwind",3,"GW87",5944.68,123.4,0.926672932330827,15.187969924812,7.30842105263158,0.396022556390977,598.1
"OH","Hancock",15,3.9,80,87,0,"Goldwind",10,"GW87",5944.68,123.4,0.908345918367347,15.0408163265306,7.28581632653061,0.437112244897959,531.36
"OH","Hardin",284.2,191.020618556701,88.5154639175258,122.969072164948,0,"Siemens Gamesa Renewable Energy",97,"SG-3.4-132",11961.3078350515,150,0.849715083798883,14.2234636871508,7.27329608938548,0.400938547486034,470.41
"OH","Logan",30.6,198.28,83.2,125.6,0,"Siemens Gamesa Renewable Energy",10,"SG-3.4-132",12518.62,146.02,0.885598787878788,14.5939393939394,7.37363636363636,0.396381818181818,458.43
"OH","Marion",4.5,4.5,80,87,0,"Goldwind",3,"GW87",5944.68,123.4,0.987351851851852,15.9259259259259,6.97518518518519,0.406740740740741,403.76
"OH","Paulding",509.6,136.460550458716,95.4770642201835,110.54128440367,0,"Gamesa",218,"V100-1.8",9839.25912844037,150.822935779817,0.973889830508475,15.6271186440678,7.04966101694915,0.416372881355932,416.44
"OH","Putnam",1.5,1.5,80,87,0,"Goldwind",1,"GW87",5944.68,123.4,0.979872222222222,16,7.265,0.436611111111111,482.52
"OH","Van Wert",234.5,296.385593220339,99.6186440677966,89.9237288135593,0,"Gamesa",118,"G90-2.0",6351.1270338983,144.680508474576,1,16,7.122,0.4223,409.16
"OH","Wood",7.2,3.6,78,80,0,"Vestas",4,"V80-1.8",5026.55,118,0.979645762711864,15.7627118644068,7.0664406779661,0.416152542372881,617.21
"OH","Wyandot",1.5,1.5,80,87,0,"Goldwind",1,"GW87",5944.68,123.4,0.907662903225806,15.0967741935484,7.12483870967742,0.417274193548387,406.87
"OK","Alfalfa",167.12,250.9,88.4,126.266666666667,0,"GE Wind",60,"GE2.82-127",12527.732,151.446666666667,1,16,8.3356,0.47752,866.46
"OK","Beaver",701.27,250.895652173913,83.3416149068323,99.111801242236,0,"GE Wind",322,"GE1.85-87",7850.19310559006,132.848447204969,0.932560032626427,15.1973898858075,8.17960848287113,0.45026101141925,1814.67
"OK","Beckham",7.5,101.16,80,91,0,"GE Wind",5,"GE1.5-91",6503.88,125.6,1,16,8.48526315789474,0.48480701754386,901.81
"OK","Blaine",234.3,894.2625,87.875,123.625,0,"GE Wind",88,"GE 2.8-127",12065.97625,149.7,1,16,8.41272727272727,0.481636363636364,928.42
"OK","Caddo",628.515,186.012714285714,82.9035714285714,110.560714285714,0,"GE Wind",280,"GE2.82-127",9833.91253571429,138.168928571429,0.943997413793103,15.3103448275862,8.42715517241379,0.490163793103448,1278.29
"OK","Canadian",504.735,233.291841004184,80.2112970711297,101.353556485356,0,"REpower",239,"MM92",8119.02824267782,130.934728033473,0.979522807017544,15.7894736842105,8.56333333333333,0.501105263157895,896.63
"OK","Carter",18,100,80,110,0,"Vestas",9,"V110-2.0",9503.32,135,0.950807407407407,15.3333333333333,7.32518518518518,0.435851851851852,822.18
"OK","Comanche",146.85,91.4447368421053,76.9473684210526,75.4736842105263,0,"GE Wind",95,"GE1.5-77",4478.01136842105,114.784210526316,0.8213,13.5061728395062,8.51839506172839,0.482246913580247,1069.29
"OK","Custer",846.5,728.657060518732,86.3371757925072,115.734870317003,0,"GE Wind",347,"GE 2.8-127",10756.0544380403,144.234293948127,0.977521142857143,15.7257142857143,8.19942857142857,0.463314285714286,988.82
"OK","Dewey",853.3,175.964516129032,80.4838709677419,100.377880184332,0,"GE Wind",434,"GE1.7-100",7925.68820276498,130.72534562212,0.93872256097561,15.3292682926829,8.72512195121951,0.504128048780488,999.48
"OK","Ellis",176.5,221.745205479452,88.1643835616438,106.630136986301,0,"Vestas",73,"V100-2.0",8982.41643835616,141.404109589041,0.987095364238411,15.8344370860927,8.56937086092715,0.490930463576159,1231.52
"OK","Garfield",724.78,210.95938718663,82.7910863509749,102.147632311978,0,"GE Wind",359,"GE1.68-82.5",8391.86292479109,133.889136490251,1,16,8.2955737704918,0.476967213114754,1058.47
"OK","Grady",535.475,137.794405594406,82.1818181818182,105.79020979021,0,"GE Wind",286,"GE2.0-116",8869.81405594406,135.141258741259,0.938146296296296,15.2592592592593,7.86888888888889,0.446222222222222,1100.5
"OK","Grant",467.54,159.303786407767,80.7766990291262,106.364077669903,0,"Siemens",206,"SWT-2.3-108",8970.36495145631,134.04854368932,1,16,8.04,0.4549,1000.87
"OK","Harper",273.9,65.8360248447205,79.6645962732919,81.611801242236,0,"GE Wind",161,"GE1.5-77",5250.28956521739,120.562111801242,0.978246564885496,15.7557251908397,8.11603053435114,0.450618320610687,1039.02
"OK","Johnston",226.5,303.5,89,125.690476190476,0,"GE Wind",84,"GE2.75-127",12417.765,151.745238095238,0.982346666666667,15.8666666666667,7.562,0.435,642.94
"OK","Kay",1013.475,266.031575757576,88.4363636363636,121.69696969697,0,"Siemens",330,"SWT-2.3-108",11837.1725757576,149.366363636364,0.9832,16,7.84833333333333,0.443,919.73
"OK","Kingfisher",488.95,219.236910994764,83.651832460733,112.17277486911,0,"Vestas",191,"V100-2.0",10005.0894764398,139.789528795812,0.84546,14.1333333333333,7.88533333333333,0.473866666666667,898.16
"OK","Kiowa",188.4,147.565048543689,71.9223300970874,96.6747572815534,0,"Vestas",103,"V110-2.0",7494.40737864078,120.226213592233,0.932851034482759,15.2689655172414,8.26048275862069,0.462793103448276,1015.23
"OK","Logan",6.3,299.25,87.5,125,0,"Nordex",2,"AW125/3150",12271.85,150,0.890175,14.75,7.36625,0.3971875,743.83
"OK","Major",276.36,285.162040816327,89,127,0,"GE Wind",98,"GE2.82-127",12667.69,152.408163265306,0.991423076923077,15.9230769230769,8.48192307692308,0.485346153846154,954.99
"OK","Murray",486.1,132.170833333333,88.3958333333333,116.145833333333,0,"Vestas",192,"V100-2.0",10885.9456770833,146.540104166667,0.997467346938775,16,8.38081632653061,0.481142857142857,416.46
"OK","Noble",372.1,280.443356643357,89.1608391608392,119.846153846154,0,"GE Wind",143,"GE2.5-116",11302.3654545455,149.148951048951,0.892571428571429,14.5714285714286,7.74571428571429,0.434142857142857,731.9
"OK","Osage",150.36,150.36,80,100,0,"GE Wind",84,"GE1.79-100",7853.98,130.1,0.883319512195122,15.0731707317073,7.46414634146341,0.412146341463415,2246.36
"OK","Pontotoc",63.25,303.5,89,127,0,"GE Wind",23,"GE2.75-127",12667.69,152.4,0.982169047619048,15.8095238095238,8.16023809523809,0.465904761904762,720.44
"OK","Pushmataha",96.6,100.05,105,136,0,"Vestas",28,"V136-3.45",14526.72,173.1,0.735503225806452,12.6451612903226,8.0341935483871,0.485870967741935,1395.84
"OK","Roger Mills",429.56,115.606083333333,79.45,87,0,"Acciona",240,"AW77/1500",5977.79204166667,123.032083333333,0.992765476190476,15.9166666666667,8.48339285714286,0.479982142857143,1141.14
"OK","Stephens",99.6,249,80,116,0,"GE Wind",48,"GE2.0-116",10568.32,138.1,0.898506451612903,15.0322580645161,7.82322580645161,0.452225806451613,870.24
"OK","Texas",220,185.454545454545,80,105.909090909091,0,"Vestas",110,"V110-2.0",8837.08709090909,132.98,0.991502482269504,15.886524822695,8.03106382978723,0.436425531914894,2041.26
"OK","Washita",171.6,113.016326530612,80,93.4897959183673,0,"GE Wind",98,"GE1.6-82.5",6998.09673469388,126.779591836735,0.993069135802469,15.9506172839506,8.30876543209876,0.475141975308642,1003.17
"OK","Woods",121.26,199.4,89,127,0,"GE Wind",43,"GE2.82-127",12667.69,152.4,0.977861111111111,15.8888888888889,8.23833333333333,0.468166666666667,1286.45
"OK","Woodward",693.2,141.568810289389,84.1752411575563,103.827974276527,0,"GE Wind",311,"SWT-2.3-101",8594.90533762058,136.11575562701,0.9681,15.6172248803828,8.57617224880383,0.489023923444976,1242.4
"OR","Baker",53,8.64516129032258,72.258064516129,101.483870967742,1,"GE Wind",31,"GE2.0-116",8778.37096774194,123.061290322581,0.903579487179487,14.9230769230769,5.31358974358974,0.257128205128205,3068.36
"OR","Gilliam",1551.65,157.163197278912,79.4517006802721,94.8965986394558,0,"GE Wind",735,"S88",7564.19859863946,126.926530612245,0.754306134969325,12.8343558282209,6.76386503067485,0.366668711656442,1204.81
"OR","Morrow",661.04,227.774007220217,85.5487364620939,114.373646209386,0,"GE Wind",277,"GE2.5-127",10546.5510108303,142.695667870036,0.832942233009709,14.0582524271845,6.63572815533981,0.336,2031.61
"OR","Sherman",1262.7,144.224386252046,81.2111292962357,90.6890343698854,0,"GE Wind",611,"SWT-2.3-93",6704.30008183306,126.603273322422,0.857398850574713,14.1724137931034,7.18741379310345,0.38616091954023,823.69
"OR","Umatilla",365.69,65.9797464788732,59.6112676056338,59.6594366197183,1,"Vestas",355,"V47-0.66",3018.32977464789,89.4270422535211,0.834630627306273,13.9852398523985,6.65014760147601,0.331605166051661,3215.51
"OR","Union",100.65,95.8081967213115,70,82,0,"Vestas",61,"V82-1.65",5281.02,110.9,0.84342905982906,14.2051282051282,7.17931623931624,0.372726495726496,2036.61
"PA","Blair",118,56.135593220339,84.7118644067797,87.9152542372881,0,"Gamesa",59,"G87-2.0",6071.91559322034,128.767796610169,0.78997625,13.375,7.574,0.4056,525.8
"PA","Bradford",60,100.5,80,77,0,"GE Wind",40,"GE1.5-77",4656.63,118.6,0.779939024390244,13.4146341463415,8.41292682926829,0.500634146341463,1147.4
"PA","Cambria",267.5,67.1875,86.5833333333333,92.125,0,"Gamesa",120,"G87-2.0",6689.53166666667,132.674166666667,0.857329545454545,14.2954545454545,8.00443181818182,0.454488636363636,688.35
"PA","Centre",18,50,100,90,0,"Gamesa",9,"G90-2.0",6361.73,145.1,0.93618,15.36,7.7356,0.42368,1109.92
"PA","Columbia",10,26,78,87,0,"Gamesa",5,"G87-2.0",5944.68,121.6,0.885552,14.96,7.5904,0.4548,483.11
"PA","Fayette",61,36.6060606060606,74.2121212121212,82,1,"Gamesa",33,"G87-2.0",5326.18,115.29696969697,0.772664814814815,13.2592592592593,7.5412962962963,0.428638888888889,790.34
"PA","Lancaster",3.2,3.2,80,82.5,0,"GE Wind",2,"GE1.6-82.5",5345.62,121.3,0.86925,14,6.88,0.398,943.81
"PA","Luzerne",24,24,78,87,1,"Gamesa",12,"G87-2.0",5944.68,121.6,0.727608771929825,12.5263157894737,7.9459649122807,0.471736842105263,890.33
"PA","Lycoming",69,69,80,101,1,"Siemens",30,"SWT-2.3-101",8011.85,130.5,0.982833333333333,16,7.39111111111111,0.433111111111111,1228.59
"PA","Potter",90,90,125.96,137,0,"GE Wind",25,"GE3.6-137",14741.14,194.56,0.90682523364486,15.0467289719626,7.74009345794393,0.466065420560748,1081.32
"PA","Schuylkill",118,91.6949152542373,78,83.5423728813559,1,"Gamesa",59,"G83-2.0",5483.02627118644,119.784745762712,0.756782222222222,12.7777777777778,7.54355555555556,0.446455555555556,778.63
"PA","Somerset",372.5,72.8020202020202,84.8090909090909,85.0858585858586,1,"GE Wind",198,"MM92",5756.68131313131,127.392424242424,0.852651973684211,14.1973684210526,8.25592105263158,0.448342105263158,1074.37
"PA","Tioga",40.5,100.5,80,77,0,"GE Wind",27,"GE1.5-77",4656.63,118.592592592593,0.953027586206897,15.5862068965517,7.66206896551724,0.457620689655172,1133.79
"PA","Wayne",64.5,64.5,65,70.5,0,"GE Wind",43,"GE1.5-70.5",3903.63,100.3,0.7963953125,13.5625,8.058125,0.475765625,725.6
"PA","Wyoming",140.8,140.8,94.7727272727273,82.5,0,"GE Wind",88,"GE1.6-82.5",5345.62,135.925,0.800685365853659,13.7560975609756,8.34439024390244,0.493658536585366,397.32
"RI","Kent",15,3.3,85,82.3,0,"Vensys",10,"Vensys82",5319.73,126.2,0.7643,12.8571428571429,7.21,0.437142857142857,168.53
"RI","Newport",1.5,1.5,85,82.3,0,"Vensys",1,"Vensys82",5319.73,126.2,0.313214285714286,6.57142857142857,7.25428571428571,0.443428571428571,102.39
"RI","Providence",30,3.23076923076923,82.3076923076923,102.461538461538,0,"Vensys",13,"Vensys120",8527.24846153846,133.507692307692,0.816547727272727,13.6363636363636,7.24136363636364,0.441681818181818,409.5
"RI","Washington",31.5,25.25,102.5,138.666666666667,0,"GE Wind",6,"Haliade 150-6",15606.3866666667,171.9,0.660982089552239,11.2238805970149,7.59776119402985,0.464358208955224,329.24
"SD","Aurora",100.2,71.8838709677419,80,82.6612903225806,0,"GE Wind",62,"GE1.5-77",5514.7785483871,121.429032258065,0.999331111111111,16,7.93355555555556,0.446911111111111,708.43
"SD","Bon Homme",140.2,189.858536585366,104.146341463415,127.243902439024,1,"GE Wind",41,"GE3.8-137",13024.7575609756,167.829268292683,0.9385,15.125,7.204375,0.3745625,563.7
"SD","Brookings",360.8,133.174301675978,80.8882681564246,93.4301675977654,1,"Gamesa",179,"G87-2.0",7096.10474860335,127.664245810056,0.934730136986301,15.1780821917808,8.12808219178082,0.465945205479452,792.21
"SD","Brule",65.3,48.1025641025641,78.974358974359,85.1282051282051,0,"GE Wind",39,"GE1.5-77",5927.06102564103,121.628205128205,0.9535,15.4444444444444,7.93166666666667,0.443277777777778,817.24
"SD","Butte",106.4,106.4,89,127,0,"GE Wind",38,"GE2.8-127",12667.69,152.4,0.890088650963597,14.7665952890792,7.96518201284797,0.415173447537473,2249.9
"SD","Campbell",93.5,95,80,103,0,"GE Wind",55,"GE1.7-103",8332.29,131.4,1,16,7.91,0.437,733.68
"SD","Charles Mix",107.35,148.075,95,112,0,"GE Wind",38,"GE1.85-87",10342.91,151,1,16,7.75117647058824,0.424823529411765,1097.49
"SD","Clark",229.79,185.6975,88.75,112.375,1,"GE Wind",88,"GE2.72-116",9990.365,145.0125,0.985111194029851,15.8358208955224,8.01791044776119,0.453134328358209,957.6
"SD","Codington",288.2,200.32619047619,89.3650793650794,116,1,"GE Wind",126,"GE2.3-116",10568.32,147.465079365079,0.998082,16,8.3778,0.48202,688.5
"SD","Day",105.6,105.6,80,91,0,"GE Wind",66,"GE1.6-91",6503.88,125.6,0.996492452830189,15.9622641509434,8.11377358490566,0.458283018867925,1027.87
"SD","Deuel",554.32,237.869238095238,87.8619047619048,120.595238095238,1,"GE Wind",210,"GE2.82-127",11549.451,148.115714285714,0.984141538461539,15.8230769230769,8.42038461538461,0.485219230769231,622.69
"SD","Grant",122.8,179.461111111111,98,130.666666666667,1,"GE Wind",36,"GE2.3-116",13620.9022222222,163.433333333333,1,16,8.21739130434783,0.462989130434783,681.46
"SD","Hand",25,25,80,89,0,"Clipper",10,"C89",6221.14,124.4,0.925397345132743,15.1150442477876,8.21893805309734,0.46453982300885,1436.61
"SD","Hutchinson",48.6,112.180952380952,87.1428571428571,98.9047619047619,0,"GE Wind",21,"GE1.85-87",8039.07523809524,136.542857142857,1,16,8.25259259259259,0.473111111111111,812.9
"SD","Hyde",263.54,198.286055045872,83.8073394495413,104.729357798165,1,"GE Wind",109,"GE2.72-116",8917.43348623853,136.259633027523,0.948041420118343,15.4437869822485,8.15372781065089,0.455786982248521,860.52
"SD","Jerauld",91.5,61.2540983606557,80,84.8032786885246,0,"GE Wind",61,"GE1.5-91",5686.24475409836,122.501639344262,0.949153658536585,15.390243902439,8.00987804878049,0.448878048780488,526.23
"SD","McPherson",88.5,88.5,80,82,1,"Acciona",59,"AW82/1500",5281.02,121,0.897242857142857,14.8571428571429,8.53714285714286,0.495428571428571,1136.64
"SD","Roberts",62.4,153.6,108,149,0,"Nordex",13,"N149/4.8",17436.63,182.6,0.891405882352941,14.5882352941176,8.22882352941176,0.475882352941176,1101.04
"TN","Anderson",27,27,80,80,0,"Vestas",15,"V80-1.8",5026.55,120.1,0.58963125,10.25,7.33,0.4183125,337.16
"TX","Andrews",149.46,160.527169811321,89,127,0,"GE Wind",53,"GE2.82-127",12667.69,152.401886792453,0.82556,14,7.554,0.3876,1500.71
"TX","Archer",358.4,158.953191489362,80,99.5957446808511,0,"GE Wind",188,"GE1.62-91",7856.8714893617,129.865957446808,1,16,7.98555555555556,0.453333333333333,903.11
"TX","Armstrong",68,150,80,110,0,"Vestas",34,"V110-2.0",9503.32,135,0.963409803921569,15.5490196078431,7.87235294117647,0.412754901960784,909.11
"TX","Bailey",120.75,148.35,87,126,0,"Vestas",35,"V126-3.45",12468.98,150,1,16,7.80863636363636,0.406772727272727,826.8
"TX","Baylor",330.24,229.225043478261,90.3826086956522,121.930434782609,0,"GE Wind",115,"AW116/3000",11700.1542608696,151.293913043478,0.888573684210526,14.4210526315789,7.57438596491228,0.415175438596491,867.48
"TX","Bee",333.32,277.266736842105,100.305263157895,140.894736842105,0,"Vestas",95,"V150-4.0",15746.218,170.76,0.853830434782609,14.3478260869565,7.07478260869565,0.390565217391304,880.24
"TX","Borden",575.85,177.754522613065,77.5075376884422,84.3603015075377,0,"Mitsubishi",398,"MWT62/1.0",5975.86346733668,119.727386934673,0.90880303030303,14.969696969697,7.80030303030303,0.412787878787879,897.44
"TX","Briscoe",233.85,167.073170731707,80,91.4390243902439,0,"GE Wind",123,"GE1.85-87",6596.63609756098,125.687804878049,0.877310945273632,14.6069651741294,8.25044776119403,0.424820895522388,900
"TX","Callahan",399,287.177083333333,86.625,128.6875,0,"Siemens Gamesa Renewable Energy",96,"SG 5.0-145",13540.66,150.996875,0.836931914893617,14.2127659574468,8.06617021276596,0.472468085106383,899.37
"TX","Cameron",711.35,170.41814516129,89.1592741935484,122.600806451613,0,"Nordex",248,"AW125/3150",11825.4856048387,150.473387096774,0.75939,12.6,7.542,0.4112,890.92
"TX","Carson",1079.05,160.824709677419,78.4774193548387,90.9927419354839,0,"GE Wind",620,"GE1.79-100",6701.72969354839,124.008709677419,0.992603278688525,15.9508196721311,8.61573770491803,0.489065573770492,920.22
"TX","Castro",575.7,289.614893617021,80,99.3404255319149,0,"GE Wind",282,"GE1.85-87",7912.18638297872,129.655673758865,1,16,8.34454545454545,0.459454545454545,894.43
"TX","Clay",204.085,204.09,80,103,0,"GE Wind",119,"GE1.715-103",8332.29,131.4,0.8453,14.3571428571429,7.7375,0.45975,1088.72
"TX","Cochran",150.59,150.59,80,114.835820895522,0,"GE Wind",67,"GE2.3-116",10368.0785074627,137.5,0.98085,16,7.825,0.409,775.15
"TX","Coke",707.12,377.247215189873,83.6772151898734,102.21582278481,0,"GE Wind",316,"GE2.72-116",8632.78848101266,134.812025316456,0.822873529411765,13.8823529411765,7.46441176470588,0.408352941176471,911.47
"TX","Comanche",224.1,200.087878787879,81.8181818181818,108.242424242424,0,"Siemens",99,"SWT-2.3-108",9202.38787878788,136.027272727273,0.8963625,15,8.11625,0.513,937.75
"TX","Concho",640.35,405.076764705882,98.4470588235294,137.858823529412,0,"Vestas",170,"V150-4.2",15058.8363529412,167.445294117647,1,16,8.53545454545455,0.532090909090909,983.8
"TX","Cooke",425.655,139.074413407821,80.5446927374302,108.067039106145,0,"GE Wind",179,"GE1.6-91",9432.51586592179,134.643575418994,0.902182352941176,15.0588235294118,7.99,0.469705882352941,874.76
"TX","Crockett",1002,428.513841961853,88.1089918256131,126.351498637602,0,"GE Wind",367,"GE2.82-127",12545.3347956403,151.209536784741,0.865271428571429,14.7142857142857,8.02625,0.439678571428571,2807.33
"TX","Crosby",217.68,175.306206896552,80,104.956896551724,0,"GE Wind",116,"GE1.715-103",8693.24974137931,132.445689655172,0.92049375,15.0625,8.45875,0.4405,900.2
"TX","Dawson",198.69,211.22,80,100,0,"GE Wind",111,"GE1.79-100",7853.98,130.1,1,16,7.93,0.423,900.31
"TX","Deaf Smith",331,173.742236024845,84.6583850931677,98.472049689441,0,"Siemens",161,"SWT-2.3-108",7676.2849689441,133.927329192547,0.909618518518518,14.976430976431,8.5252861952862,0.45786531986532,1496.87
"TX","Dickens",150,150,80,77,0,"GE Wind",100,"GE1.5-77",4656.63,118.6,0.880974482758621,14.7172413793103,8.45786206896552,0.439027586206897,901.72
"TX","Donley",122,174,80,100,0,"Vestas",61,"V100-2.0",7853.98,130.1,1,16,8.11740740740741,0.436148148148148,926.89
"TX","Duval",127.5,300,89,127,0,"GE Wind",51,"GE2.5-127",12667.69,152.4,0.897402173913043,14.8695652173913,7.42652173913043,0.436913043478261,1793.48
"TX","Eastland",32,48,80,110,0,"Vestas",16,"V110-2.0",9503.32,135,0.847196153846154,14.1538461538462,8.40307692307692,0.519653846153846,926.49
"TX","Ector",13.5,152.61,80,77,0,"GE Wind",9,"GE1.5-77",4656.63,118.6,1,16,8.0475,0.426875,897.69
"TX","Erath",116.05,88.7959459459459,85.4864864864865,121.810810810811,0,"Vestas",37,"V126-3.45",11688.4864864865,146.383783783784,0.950583333333333,15.5555555555556,8.42333333333333,0.527,1083.07
"TX","Fisher",625.18,319.071968503937,88.5787401574803,104.415748031496,0,"Siemens Gamesa Renewable Energy",254,"SG-3.465-132",9250.37921259843,140.858267716535,1,16,8.47,0.481,898.94
"TX","Floyd",1018.33,208.980952380952,82.3730158730159,104.986394557823,0,"Vestas",441,"V100-2.0",8694.99337868481,134.883446712018,0.891793360995851,14.804979253112,8.54203319502075,0.432850622406639,992.14
"TX","Foard",345.24,350.28,89,127,0,"GE Wind",137,"GE2.5-127",12667.69,152.4,1,16,8.07,0.452,704.4
"TX","Garza",154.62,239.677611940299,85.5074626865672,111.328358208955,0,"GE Wind",67,"GE2.82-127",10039.536119403,141.074626865672,0.8960375,14.75,8.12625,0.4285,893.41
"TX","Glasscock",857.68,167.135572519084,81.7099236641221,101.641221374046,0,"GE Wind",393,"GE1.79-100",8302.82707379135,132.552162849873,1,16,8.34111111111111,0.466,900.22
"TX","Gray",86.55,198.825,80,100,0,"GE Wind",48,"GE1.79-100",7853.98,130.1,0.985376056338028,15.830985915493,8.59746478873239,0.486352112676056,925.97
"TX","Hale",478,478,92.652719665272,115.422594142259,0,"Vestas",239,"V116-2.0",10465.830460251,150.454393305439,0.9814575,15.8,8.08625,0.440525,1004.68
"TX","Hansford",257.6,120.114093959732,79.744966442953,83.7986577181208,0,"GE Wind",149,"GE1.5-77",5571.45765100671,121.742953020134,0.9980048,15.984,8.2728,0.4624,919.81
"TX","Hardeman",232.7,186.400842105263,88.3789473684211,123.473684210526,0,"GE Wind",95,"GE2.5-127",12015.3214736842,150.037894736842,1,16,7.93,0.442,695.11
"TX","Hartley",4.2,4.2,90,96,0,"Suzlon",2,"S95",7239.015,137.95,1,16,8.24653846153846,0.447923076923077,1462.03
"TX","Haskell",436.3,241.049723756906,85.524861878453,116,0,"GE Wind",181,"GE2.5-116",10568.32,143.624861878453,1,16,7.62,0.4155,903.13
"TX","Hemphill",112.85,288.6,80,87,0,"GE Wind",61,"GE1.85-87",5944.68,123.4,1,16,8.33646464646465,0.464909090909091,906.29
"TX","Hidalgo",223.6,134.320720720721,81,110.720720720721,0,"Vestas",111,"V110-2.0",9633.51171171171,136.367567567568,0.7529375,12.6875,7.0125,0.4045625,1570.87
"TX","Hill",128.12,301.36,89.8913043478261,125.804347826087,0,"GE Wind",46,"GE2.82-127",12439.4976086957,152.871739130435,0.992533333333333,16,7.12333333333333,0.403333333333333,958.86
"TX","Howard",339.51,115.325639534884,79.8372093023256,99.2325581395349,0,"GE Wind",172,"GE1.79-100",7776.60802325581,129.552325581395,0.864066,14.12,8.1386,0.44806,900.79
"TX","Hutchinson",20,10,80,80,0,"DeWind",10,"D8.2",5026.55,120.1,0.98566049382716,15.8024691358025,8.18432098765432,0.447506172839506,887.42
"TX","Irion",384.7,277.717791411043,87.5460122699387,119.803680981595,0,"GE Wind",163,"GE2.5-127",11415.6824539877,147.400613496933,0.999125,16,6.99875,0.376125,1051.56
"TX","Jack",354,127.401129943503,90.9887005649718,92.090395480226,0,"Gamesa",177,"G90-2.0",6684.05062146893,137.132768361582,0.8439,14.2857142857143,8.19625,0.510428571428571,910.66
"TX","Jim Hogg",70,78,80,116,0,"GE Wind",35,"GE2.0-116",10568.32,138.1,0.939576666666667,15.2666666666667,7.19633333333333,0.417066666666667,1136.14
"TX","Kenedy",1082,220.8859030837,83.3314977973568,100.590308370044,0,"Mitsubishi",454,"MWT92/2.4",8052.3859030837,133.574008810573,0.900050704225352,14.6478873239437,7.58802816901408,0.422816901408451,1458.33
"TX","Kent",154.72,210.812857142857,87.3928571428571,122.178571428571,0,"GE Wind",56,"GE2.82-127",11808.0989285714,148.417857142857,0.97995,16,8.02375,0.433875,902.51
"TX","Kinney",99,99,80,100,0,"Vestas",55,"V100-1.8",7853.98,130.1,0.848468571428571,14.1142857142857,7.04171428571429,0.4052,1360.06
"TX","Knox",983.46,243.204347826087,99.2246376811594,134.760869565217,0,"Vestas",276,"GE2.82-127",14512.310326087,166.601811594203,1,16,7.76,0.426,850.62
"TX","Lamb",27.6,148.35,87,126,0,"Vestas",8,"V126-3.45",12468.98,150,1,16,8.24,0.447,1016.18
"TX","Limestone",431.24,300.56972972973,85.3175675675676,134.182432432432,0,"Nordex",148,"AW140/3000",14180.8562837838,152.502027027027,0.9986,16,7.56,0.415,905.29
"TX","Lubbock",17.5,8.26923076923077,72.3076923076923,62.3076923076923,0,"Fuhrlander",13,"FL1000",3229.79923076923,103.384615384615,0.855114285714286,14,7.93428571428571,0.431928571428571,895.6
"TX","Lynn",766.56,254.832578616352,85.7389937106918,117.751572327044,0,"GE Wind",318,"GE2.5-127",11011.4393396226,144.57893081761,1,16,7.665,0.396846153846154,891.87
"TX","Martin",120,120,80,77,0,"GE Wind",80,"GE1.5-77",4656.63,118.6,0.997788888888889,16,7.61333333333333,0.395555555555556,914.94
"TX","Matagorda",148.05,151.2,87.5,125,0,"Nordex",47,"AW125/3150",12271.85,150,1,16,7.22,0.364,1100.28
"TX","McCulloch",339.88,169.94,89.5234375,117.7421875,0,"GE Wind",128,"GW109",10950.301015625,148.34921875,0.98,16,8.5,0.525,1065.6
"TX","McLennan",42,300,82,140,0,"Nordex",14,"AW140/3000",15393.8,152.1,0.974866666666667,15.8095238095238,7.05523809523809,0.415380952380952,1037.1
"TX","Mills",622.2,203.739830508475,93.0127118644068,116.85593220339,0,"Vestas",236,"V110-2.0",11030.3930084746,151.477118644068,0.9977125,16,7.80375,0.47575,748.26
"TX","Mitchell",257.3,147.949029126214,74.3932038834951,69.9805825242718,0,"Mitsubishi",206,"MWT62/1.0",3909.70966019417,109.42427184466,1,16,8.09,0.4492,911.09
"TX","Moore",98.25,20.9166666666667,76.5138888888889,69.9583333333333,0,"Suzlon",72,"S64",3876.825,111.486111111111,0.967709677419355,15.5645161290323,8.18556451612903,0.445467741935484,899.69
"TX","Nolan",2295.02,172.937665010646,76.8509581263307,81.720085166785,0,"GE Wind",1409,"MWT62/1.0",5486.65439318666,117.747267565649,0.978824858757062,15.7514124293785,8.48870056497175,0.480254237288136,912
"TX","Nueces",484.125,229.8042,85.0566666666667,127.566666666667,0,"Nordex",150,"AW125/3000",12870.6708666667,148.84,0.822895,13.4,7.1885,0.4173,838.48
"TX","Ochiltree",209.1,249.9,80,100,0,"GE Wind",123,"GE1.7-100",7853.98,130.1,0.984037078651685,15.8202247191011,8.42389513108614,0.477827715355805,917.63
"TX","Oldham",888.25,168.833533653846,80,98.125,0,"Siemens",416,"SWT-2.3-108",7605.53492788462,129.088221153846,0.88523596214511,14.6940063091483,8.60501577287066,0.445908517350158,1500.53
"TX","Parmer",230.4,230.4,80,107,0,"GE Wind",96,"GE2.4-107",8992.02,133.5,0.9690775,15.6,8.353,0.458375,880.78
"TX","Pecos",653.44,95.6612920353982,58.8672566371681,63.4176991150443,0,"Gamesa",565,"G47-0.66",3579.09644247788,90.592389380531,0.913104333333333,15.0733333333333,8.38736666666667,0.453966666666667,4763.85
"TX","Potter",11.5,78.2,80,101,0,"Siemens",5,"SWT-2.3-101",8011.85,130.5,0.871956164383562,14.3424657534247,8.43041095890411,0.462232876712329,908.37
"TX","Randall",166.77,160.88652173913,80.7246376811594,107.420289855072,0,"GE Wind",69,"GE2.4-107",9072.23304347826,134.436231884058,0.99858125,16,8.33677083333333,0.4563125,911.54
"TX","Reagan",262.5,300,90,116,0,"GE Wind",105,"GE2.5-116",10568.32,148.1,0.969842857142857,15.6190476190476,8.27619047619048,0.447095238095238,1175.3
"TX","Refugio",220,220,92,120,0,"Vestas",100,"V120-2.2",11309.73,152.1,0.99526875,16,6.870625,0.3309375,770.44
"TX","Roberts",175.75,288.6,80,87,0,"GE Wind",95,"GE1.85-87",5944.68,123.402105263158,1,16,8.59689393939394,0.484560606060606,924.06
"TX","San Patricio",977.68,214.791612149533,85.1004672897196,108.665887850467,0,"Vestas",428,"V82-1.65",9542.06273364486,139.417289719626,0.933220833333333,15.1666666666667,7.18666666666667,0.394333333333333,693.45
"TX","Schleicher",225.1,192.630434782609,84.1304347826087,114.95652173913,0,"Siemens Gamesa Renewable Energy",92,"SG-2.625-120",10473.93,141.708695652174,0.95454,15.6666666666667,8.17166666666667,0.4991,1310.63
"TX","Scurry",1167.465,171.071657940663,82.8726003490401,95.774520069808,0,"GE Wind",573,"GE1.5-77",7642.79539267016,130.825654450262,0.944604285714286,15.3714285714286,8.141,0.447014285714286,905.44
"TX","Shackelford",511.6,167.637551020408,78.5877551020408,87.3265306122449,0,"Gamesa",245,"G83-2.0",6002.12653061225,122.285714285714,0.952745762711864,15.4915254237288,8.2,0.473847457627119,914.29
"TX","Sherman",20,10,72.5,64,0,"Suzlon",16,"S64",3216.99,104.4,0.971933333333333,15.6190476190476,8.32238095238095,0.464142857142857,923.04
"TX","Starr",1066.6,186.598568019093,98.7708830548926,118.976133651551,0,"Vestas",419,"V110-2.0",11245.5914797136,158.291408114558,0.85841052631579,14.4736842105263,7.10052631578947,0.395921052631579,1223.18
"TX","Sterling",1009.1,268.913833333333,79.6316666666667,92.5196666666667,0,"GE Wind",600,"GE1.5-91",6769.67935,125.968666666667,0.919161333333333,15.04,7.52733333333333,0.39764,923.45
"TX","Stonewall",50.12,225.662222222222,88,124,0,"GE Wind",18,"GE2.82-127",12132.8333333333,149.922222222222,1,16,7.635,0.41,916.31
"TX","Taylor",652,182.717756756757,79.7405405405405,89.4621621621622,0,"GE Wind",370,"GE1.5-87",6341.21835135135,124.427837837838,0.971927586206897,15.7011494252874,8.51781609195402,0.485310344827586,915.55
"TX","Throckmorton",350.15,350.15,103.215189873418,144.392405063291,0,"Nordex",79,"N149/4800",16475.8383544304,175.411392405063,0.791752941176471,13.6470588235294,7.48941176470588,0.423,912.55
"TX","Tom Green",89.6,160,80,91,0,"GE Wind",56,"GE1.6-91",6503.88,125.6,0.836012962962963,14.037037037037,7.96907407407407,0.464851851851852,1521.97
"TX","Upton",581.835,306.908322580645,67.358064516129,84.2129032258065,0,"Siemens Gamesa Renewable Energy",310,"SG-1.3-65",6272.9975483871,109.42,0.901629452054795,14.9315068493151,8.23020547945205,0.431082191780822,1241.32
"TX","Val Verde",149.34,149.34,80,112.985507246377,0,"GE Wind",69,"GE2.3-116",10049.8202898551,136.546376811594,0.779375912408759,13.3138686131387,7.63175182481752,0.432664233576642,3144.75
"TX","Webb",858.39,203.909644444444,87.7488888888889,105.558888888889,0,"GE Wind",450,"GE2.0-116",8992.40033333333,140.581111111111,0.848506779661017,14.2372881355932,7.16279661016949,0.395474576271186,3361.48
"TX","Wilbarger",809.48,223.356338028169,84.2394366197183,112.977464788732,0,"GE Wind",355,"GE2.3-116",10254.8083098592,140.713802816901,1,16,7.77379310344828,0.431689655172414,970.84
"TX","Willacy",1364.18,196.695290215589,89.5185737976783,112.776119402985,0,"Vestas",603,"V120-2.2",10059.2473963516,145.979933665008,0.948377358490566,15.4716981132075,7.48150943396226,0.405075471698113,590.55
"TX","Winkler",139.11,152.61,80,80.3103448275862,0,"Vestas",87,"V82-1.65",5070.95816091954,120.190804597701,1,16,8.13,0.434,841.11
"TX","Young",92,183.488372093023,86.046511627907,103.953488372093,0,"Vestas",43,"V110-2.2",8553.53697674419,138.053488372093,0.875006666666667,14.4,8.032,0.479266666666667,914.47
"TX","Zapata",398,201.572727272727,114.636363636364,140.409090909091,0,"Nordex",110,"GW155 - 4.2S",15598.0871818182,184.787272727273,0.89844,15.2,7.656,0.43,998.41
"UT","Beaver",217,194.882075471698,80,91.061320754717,1,"Clipper",106,"C99",6574.10254716981,125.557547169811,0.868865333333333,14.4733333333333,6.99156666666667,0.334586666666667,2589.88
"UT","Millard",88.5,102,80,77,1,"GE Wind",59,"GE1.5-77",4656.63,118.6,0.857339802631579,14.2039473684211,6.26177631578947,0.297427631578947,6572.43
"UT","San Juan",62.1,62.1,80,116,0,"GE Wind",27,"GE2.3-116",10568.32,138.1,0.743572527472527,12.6153846153846,6.01131868131868,0.274137362637363,7819.99
"UT","Tooele",3.29,1.645,80,90,0,"GE Wind",2,"GE1.7-103",6494.46,125,0.970497590361446,15.6867469879518,5.60759036144578,0.264879518072289,6941.35
"UT","Utah",18.9,18.9,79,88,0,"Suzlon",9,"S88",6082.12,123.1,0.756421052631579,12.8421052631579,6.42631578947368,0.312526315789474,2003.45
"VA","Northampton",6,12,108,154,0,"Siemens Gamesa Renewable Energy",1,"SWT-6.0-154",18626.5,185,1,16,7.43266666666667,0.3908,211.61
"VT","Bennington",30,30,78,92.3333333333333,0,"Gamesa",15,"G97-2.0",6715.416,124.213333333333,0.808594444444444,13.8888888888889,8.19777777777778,0.474833333333333,674.98
"VT","Caledonia",40,40,80,93.75,0,"Clipper",16,"C93",6904.24,126.875,0.832016666666667,14,8.29888888888889,0.508333333333333,648.86
"VT","Chittenden",5,10,80,100,0,"Goldwind",2,"GW100",7853.98,130.1,0.839251851851852,14.1481481481481,7.10925925925926,0.39362962962963,536.58
"VT","Franklin",5,10,80,100,0,"Goldwind",2,"GW100",7853.98,130.1,0.819696666666667,13.8,7.45266666666667,0.4208,633.71
"VT","Orleans",63,63,84,112,0,"Vestas",21,"V112-3.0",9852.03,139.904761904762,0.823004444444444,13.7777777777778,8.28488888888889,0.4932,693.27
"WA","Adams",149.9,149.9,85.7719298245614,125.315789473684,1,"Siemens Gamesa Renewable Energy",57,"SG-2.7-129",12384.0328070175,148.447368421053,1,16,6.78,0.371,1924.98
"WA","Benton",95.9,38.3761904761905,64.4444444444444,68.8888888888889,0,"Bonus",63,"B62",3857.70111111111,98.9666666666667,0.882720779220779,14.5454545454545,5.82272727272727,0.290545454545455,1700.38
"WA","Columbia",657.4,183.086875,71.7125,97.4625,0,"Vestas",320,"V100-2.0",7559.02371875,120.48,0.800101503759398,13.5789473684211,7.27383458646617,0.400345864661654,868.63
"WA","Garfield",342.7,183.089261744966,80,101,1,"Siemens",149,"SWT-2.3-101",8011.85,130.5,0.777011176470588,13.3058823529412,7.40723529411765,0.398470588235294,710.69
"WA","Grays Harbor",3,6,80,77,0,"GE Wind",2,"GE1.5-77",4656.63,118.6,0.73925,12.6666666666667,6.785,0.366166666666667,1902.03
"WA","Kittitas",467.65,153.663549618321,72.1297709923664,80.3587786259542,0,"Vestas",262,"V80-1.8",5089.71721374046,112.352290076336,0.860671497584541,14.3091787439614,7.16671497584541,0.376917874396135,2297.27
"WA","Klickitat",1256.9,156.002163061564,80.2487520798669,90.8444259567388,1,"Siemens",601,"SWT-2.3-93",6540.89219633943,125.675041597338,0.859754771784232,14.4066390041494,7.03589211618257,0.373253112033195,1871.31
"WA","Lewis",136.8,136.8,82,136,0,"Vestas",38,"V136-3.6",14526.72,150,0.936488888888889,15.3333333333333,5.82888888888889,0.275777777777778,2402.8
"WA","Pacific",3,6,80,77,1,"GE Wind",2,"GE1.5-77",4656.63,118.6,0.929108333333333,15,6.98,0.379,932.66
"WA","Walla Walla",178.2,175.491555555556,50,47,0,"Vestas",270,"V47-0.66",1734.94,73.5,0.847477777777778,14.0555555555556,6.09833333333333,0.315083333333333,1270.13
"WA","Whitman",104.4,104.4,80,100,1,"Vestas",58,"V100-1.8",7853.98,130.1,0.805882051282051,13.5897435897436,6.8325641025641,0.377871794871795,2159.09
"WI","Brown",20,20,100,100,0,"Nordex",8,"N100",7853.98,150,0.938391666666667,15.3,7.707,0.481566666666667,529.71
"WI","Columbia",162,162,80,90,0,"Vestas",90,"V90-1.8",6361.73,125,0.973694202898551,15.7101449275362,7.41144927536232,0.452478260869565,765.53
"WI","Dane",9.9,9.9,80,82,0,"Vestas",6,"V82-1.65",5281.02,121,0.865741052631579,14.2526315789474,7.30147368421053,0.445431578947368,1197.24
"WI","Dodge",127.5,97.2352941176471,80,79.3294117647059,0,"GE Wind",85,"GE1.5-77",4948.43752941176,119.743529411765,0.910757142857143,15.1020408163265,7.53316326530612,0.461102040816327,875.63
"WI","Fond du Lac",268.35,122.435240963855,80,80.8855421686747,0,"Vestas",166,"V82-1.65",5141.84873493976,120.465060240964,0.855817105263158,14.3684210526316,7.61833333333333,0.468688596491228,719.55
"WI","Iowa",30,30,65,70.5,1,"GE Wind",20,"GE1.5-70.5",3903.63,100.3,0.928204950495049,15.1485148514851,7.47643564356436,0.457009900990099,762.58
"WI","Lafayette",98,98,95,110,0,"Vestas",49,"V110-2.0",9503.32,150,0.98477,15.8,7.29525,0.44215,633.59
"WI","Monroe",5,5,100,96,1,"Clipper",2,"C96",7238.23,148.1,0.949508510638298,15.531914893617,7.32872340425532,0.439957446808511,900.78
"WI","Racine",3,3,85,82.3,1,"Vensys",2,"Vensys82",5319.73,126.2,0.7980625,13.6666666666667,7.3675,0.422875,332.5
"WV","Barbour",56,97.6,80,82.5,0,"GE Wind",35,"GE1.6-82.5",5345.62,121.3,0.95485,15.5,7.4025,0.41725,341.06
"WV","Grant",421.5,129.830729166667,79.6901041666667,87.9166666666667,0,"Gamesa",192,"G80-2.0",6266.33317708333,123.650520833333,0.741027631578947,12.6578947368421,9.57605263157895,0.492552631578947,477.37
"WV","Greenbrier",156.7,90.316091954023,82.0919540229885,88.2413793103448,0,"GE Wind",87,"GE1.5-77",6449.9916091954,126.268965517241,0.787422222222222,13.3333333333333,8.55888888888889,0.487388888888889,1019.57
"WV","Mineral",110.2,57.6058823529412,88.8970588235294,111.176470588235,0,"Mitsubishi",34,"MWT95/2.4",10137.4135294118,144.417647058824,0.740952631578947,12.7368421052632,8.71052631578947,0.474736842105263,327.83
"WV","Preston",6,66,70,72,0,"NEG Micon",4,"NM72",4071.5,106.1,0.835502898550725,14.1159420289855,7.74724637681159,0.45236231884058,648.81
"WV","Randolph",41.6,97.6,80,82.5,0,"GE Wind",26,"GE1.6-82.5",5345.62,121.3,0.682088461538462,11.7948717948718,7.52333333333333,0.42224358974359,1039.68
"WV","Tucker",60,66,70,72,0,"NEG Micon",40,"NM72",4071.5,106.1,0.615471153846154,10.6538461538462,7.99057692307692,0.448153846153846,418.92
"WY","Albany",157.25,102.664117647059,80,91,1,"GE Wind",85,"GE1.85-91",6503.88,125.6,0.74039527938343,12.5028901734104,9.72512524084778,0.465223506743738,4273.84
"WY","Carbon",1069.87,211.616932668329,77.5910224438903,104.73566084788,0,"Vestas",401,"V136-4.3",9250.22740648379,129.987281795511,0.871593072289157,14.455421686747,9.39074096385542,0.465472289156627,7897.58
"WY","Converse",1198.45,147.58548951049,82.7534965034965,99.2342657342657,1,"GE Wind",572,"GE2.82-127",8058.95893356643,132.385664335664,0.875133864541833,14.5498007968127,9.14843293492696,0.445998671978752,4254.88
"WY","Laramie",357.18,153.818540145985,85.9270072992701,116.598540145985,0,"GE Wind",137,"GE2.82-127",10895.4001459854,144.189051094891,0.892194868871152,14.6932725199544,9.1454275940707,0.433484606613455,2685.91
"WY","Natrona",16.5,16.5,80,77,0,"GE Wind",11,"GE1.5-77",4656.63,118.6,0.882860207612457,14.562860438293,8.69524798154556,0.432339100346021,5340.35
"WY","Uinta",284.7,111.010204081633,72.469387755102,83.6462585034014,1,"Vestas",147,"V80-1.8",5507.66013605442,114.338095238095,0.896987150837989,14.8268156424581,7.52553072625698,0.384134078212291,2081.26
